word,level,meaning,sentence
a/an,1,一個,I saw a dog and an owl.
ability,1,能力；才能,She has the ability to solve problems.
able,1,能；有能力的,He is able to swim.
about,1,關於,We talked about the movie.
above,1,在…上面；優於，勝過,The plane flew above the clouds.
abroad,1,在(到)國外,She wants to study abroad.
across,1,橫越,We walked across the street.
act,1,行動；表演,He decided to act quickly.
action,1,行動；作用,Action is better than words.
actor/actress,1,男演員,The actor performed very well.
add,1,增加,Add some sugar to the tea.
afraid,1,害怕的,She is afraid of dogs.
after,1,在…之後；以後的,We went home after dinner.
afternoon,1,下午,I have a class this afternoon.
again,1,再一次,Please say that again.
age,1,年齡；使變老,He started school at the age of six.
ago,1,在～以前,They moved here two years ago.
agree(ment),1,同意,I agree with your idea.
air,1,空氣；大氣；天空,The air is fresh in the mountains.
airplane/plane,1,飛機,The airplane landed safely.
airport,1,機場；航空站,We met at the airport.
all,1,全部的；全體,All the students passed.
allow,1,允許,My parents allow me to go.
almost,1,幾乎,It is almost time to leave.
along,1,沿著；一起,We walked along the river.
already,1,已經；先前,He has already finished.
also,1,同樣地,She also likes music.
although,1,雖然；然而,"Although it rained, we went out."
always,1,總是；永遠,He is always kind.
am/a.m.,1,上午,I wake up at 7 a.m.
and,1,和；然後,I like tea and coffee.
angry,1,生氣的,She was angry with me.
animal,1,動物,The zoo has many animals.
another,1,另一個,Would you like another cup?
answer,1,答案,Please give me an answer.
ant,1,螞蟻,An ant crawled on the ground.
any,1,任何的；若干,Do you have any questions?
anybody/anyone,1,任何人,Is anybody home?
anything,1,任何事物,Do you need anything?
apartment,1,公寓大樓,They live in a small apartment.
appear,1,出現；顯露,A star appeared in the sky.
apple,1,蘋果,She ate an apple.
area,1,區域；範圍,This area is very quiet.
arm,1,手臂,He hurt his arm.
around,1,各處；大約,We walked around the park.
arrive,1,到達；抵達,They will arrive at noon.
art,1,藝術；藝術品,She loves art class.
as,1,如同；當…時；雖然,"As he spoke, everyone listened."
ask,1,詢問；要求,May I ask a question?
at,1,在（某處/某時）,Meet me at the station.
attack,1,攻擊,The dog may attack strangers.
aunt,1,姑媽；阿姨,My aunt lives in Taipei.
away,1,離開；不在,He is away on business.
baby,1,嬰兒；寶貝,The baby is sleeping.
back,1,後面的；背部；贊助,He sat at the back of the room.
bad,1,不好的；有害的,Smoking is bad for you.
bag,1,袋子,She carried a red bag.
ball,1,球；球狀體,The boy kicked the ball.
banana,1,香蕉,I ate a banana for breakfast.
band,1,帶子；樂團,The band played all night.
bank,1,銀行,I need to go to the bank.
baseball,1,棒球,They play baseball on Sundays.
basket,1,籃子；簍子,Put the fruit in the basket.
basketball,1,籃球,He plays basketball after school.
bat,1,球棒,He hit the ball with a bat.
bath,1,澡缸；沐浴,She takes a bath every night.
bathroom,1,浴室,The bathroom is down the hall.
be,1,是；成為,I want to be a teacher.
beach,1,海灘,We went to the beach.
bean,1,豆子,She cooked beans for dinner.
bear,1,熊；魯莽之人,A bear lives in the forest.
beautiful,1,美麗的,The flowers are beautiful.
because,1,因為,I stayed home because it rained.
become,1,變成,He wants to become a doctor.
bed,1,床,The cat is on the bed.
bedroom,1,臥室,My bedroom is small.
bee,1,蜜蜂,A bee flew near the flower.
beef,1,牛肉,We had beef for dinner.
before,1,在…之前,Wash your hands before eating.
begin,1,開始,The class will begin soon.
behind,1,在…後面；落後,The car is behind the house.
believe,1,相信,I believe your story.
bell,1,鐘(聲)；鈴(聲),The bell rang loudly.
belong,1,歸屬於,This book belongs to me.
below,1,在…下方,Write your name below the line.
belt,1,腰帶；帶狀物,He wore a black belt.
bench,1,長板凳,They sat on a park bench.
beside,1,在旁邊,She sat beside me.
best,1,最好的,This is the best day ever.
between,1,介於…之間,The bank is between two stores.
bicycle/bike,1,腳踏車,He rides his bicycle to school.
big,1,大的,That is a big dog.
bird,1,鳥,A bird sang in the tree.
bite,1,一口之量；咬,Do not bite your nails.
black,1,黑的,She wore a black coat.
blind,1,瞎的；使看不見,The blind man used a cane.
block,1,塊；障礙物；堵住,A fallen tree blocked the road.
blow,1,吹；吹氣；打擊,The wind blew hard.
blue,1,藍色的,The sky is blue.
boat,1,小船；划船,We rowed a boat on the lake.
body,1,身體；主要部分,Exercise keeps your body strong.
book,1,書籍,I read a good book.
bored,1,感到厭煩的,The students looked bored.
boring,1,令人厭煩的,The movie was boring.
born,1,出生的,She was born in June.
borrow,1,借入,Can I borrow your pen?
boss,1,老闆,My boss is very kind.
both,1,兩者皆,Both answers are correct.
bottle,1,瓶子；把…裝瓶,He drank a bottle of water.
bottom,1,底部；底層的,The key is at the bottom.
bow,1,弓；虹；蝴蝶結,She tied a bow in her hair.
bowl,1,碗,The soup is in the bowl.
box,1,箱，盒；把…裝箱,Put the toys in the box.
boy,1,男孩；少年,The boy is playing outside.
brave,1,勇敢的,The brave firefighter saved him.
bread,1,麵包,She bought fresh bread.
break,1,打破；破曉,Be careful not to break the glass.
breakfast,1,早餐,I eat breakfast at seven.
bridge,1,橋樑；艦橋,We walked over the bridge.
bright,1,明亮的；聰明的,The room is bright and clean.
bring,1,帶來；引起,Please bring your book.
brother,1,兄弟,My brother is older than me.
brown,1,棕色的,He has brown eyes.
bug,1,蟲子,A bug landed on the leaf.
build,1,建造,They will build a new school.
bus,1,巴士,I take the bus to work.
business,1,商業；交易,He is in the food business.
busy,1,忙碌的,She is busy today.
but,1,但是,I am tired but happy.
butter,1,奶油；塗奶油於,He put butter on the bread.
butterfly,1,蝴蝶,A butterfly flew by.
button,1,鈕扣；按鈕,Press the button to start.
buy,1,買,I want to buy a new phone.
by,1,藉由；在……旁邊,I go by bus.
cake,1,蛋糕,She made a chocolate cake.
call,1,呼叫；打電話,Please call me tonight.
camera,1,照相機,He took a photo with his camera.
camp,1,營地；露營,We stayed at a camp.
can,1,罐頭；金屬容器,He opened a can of soup.
cap,1,帽子；覆蓋,He wore a blue cap.
car,1,汽車,He drives a car.
card,1,卡片；紙牌遊戲,She sent me a birthday card.
care,1,關心；照顧,She cares about her friends.
careful,1,仔細的,Be careful on the road.
carrot,1,胡蘿蔔,Rabbits like carrots.
carry,1,運送；攜帶,Can you carry this bag?
case,1,事實；實例,"In this case, we should wait."
cat,1,貓,The cat is sleeping.
catch,1,抓住；捕獲,Catch the ball!
celebrate,1,慶祝,We celebrate her birthday today.
cellphone,1,手機,My cellphone is new.
cent,1,一分錢,I found a cent on the floor.
center,1,使集中；核心,The store is in the city center.
certain,1,確信的,I am certain he will come.
chair,1,椅子,Please sit on the chair.
chance,1,偶然；機會,Give me a chance to try.
change,1,改變；零錢,I need some change.
cheap,1,便宜的,This shirt is very cheap.
check,1,支票；檢查,Please check your answers.
cheese,1,乳酪；乾酪,I like cheese on my pizza.
chicken,1,雞肉；膽小鬼,We ate chicken for dinner.
child,1,小孩子,The child is playing.
chocolate,1,巧克力,She loves chocolate.
choice,1,選擇,You have a choice.
choose,1,選擇,Choose one answer.
church,1,教堂,They go to church on Sunday.
circle,1,循環；畫圓圈,Draw a circle on the paper.
city,1,城市,Taipei is a big city.
class,1,階級；班級,Our class has thirty students.
clean,1,乾淨的,The room is clean.
clear,1,清楚的,The instructions are clear.
clerk,1,店員,The clerk helped me.
climb,1,攀爬,They climb the mountain.
clock,1,時鐘,The clock is on the wall.
close,1,接近的,Please close the door.
clothes,1,衣服,She bought new clothes.
cloud,1,雲；遮蔽,A cloud covered the sun.
club,1,俱樂部；募集,He joined a tennis club.
coat,1,外套；覆蓋,Put on your coat.
coffee,1,咖啡,I drink coffee every morning.
cold,1,冷的；感冒,I have a cold.
collect,1,收集,He collects stamps.
color,1,顏色；彩色,What color is your car?
come,1,來到；甦醒,"Come here, please."
comfortable,1,舒適的,The chair is comfortable.
common,1,一般的,This is a common mistake.
computer,1,電腦,I use a computer at work.
convenient,1,便利的,The store is convenient.
cook,1,廚師；烹煮,My father can cook well.
cookie,1,甜餅乾,She ate a cookie.
cool,1,涼爽的；使冷卻,The weather is cool today.
copy,1,副本；拷貝,Make a copy of this page.
corner,1,角落,The store is on the corner.
correct,1,正確的；更正,Your answer is correct.
cost,1,花費；付出,How much does it cost?
couch,1,長沙發；睡椅,He sat on the couch.
count,1,計算,Count from one to ten.
country,1,國家；鄉下,Japan is a beautiful country.
course,1,課程；過程,I took a math course.
cousin,1,表(兄弟姊妹),My cousin lives in Canada.
cover,1,封面；遮蓋,Cover the food with a cloth.
cow,1,母牛,The cow eats grass.
crazy,1,瘋狂的,That is a crazy idea.
cross,1,交叉；越過,Cross the street carefully.
cry,1,哭；叫喊,The baby began to cry.
cup,1,杯子,She drank a cup of tea.
cut,1,切,"Cut the cake, please."
cute,1,可愛的,The puppy is cute.
dance,1,舞蹈,They dance together.
dangerous,1,危險的,Driving fast is dangerous.
dark,1,黑暗的,The room is dark.
date,1,棗；棗椰樹,The date palm grows in warm places.
daughter,1,女兒,Their daughter is a teacher.
day,1,白天,Have a nice day.
dead,1,死去的；無效的,The plant is dead.
deal,1,交易；處理,They made a deal.
dear,1,親愛的,"Dear Tom, how are you?"
death,1,死亡,His death made us sad.
decide,1,決定,I decide to stay home.
deep,1,深的,The water is deep.
define,1,解釋；給…下定義,Can you define this word?
desk,1,書桌,The book is on the desk.
dictionary,1,字典,Look it up in the dictionary.
die,1,死亡,The old tree will die.
different,1,不同的,We have different opinions.
difficult,1,困難的,This test is difficult.
dig,1,挖；掘,The dog dug a hole.
dinner,1,晚餐,We had dinner at six.
dirty,1,污穢的,His shoes are dirty.
dish,1,碟；菜餚,This dish tastes good.
do,1,做（助動詞/動詞）,What do you do?
doctor/doc,1,醫生；博士,The doctor helped me.
dog,1,狗,The dog is friendly.
doll,1,洋娃娃,She played with a doll.
dollar,1,美、加等國)元,It costs one dollar.
door,1,門,Open the door.
down,1,在…下方；下面的,"Sit down, please."
dozen,1,一打；十二個,She bought a dozen eggs.
draw,1,畫；拖拉,He likes to draw pictures.
dream,1,夢；做夢,I had a strange dream.
dress,1,女裝；打扮,She wore a red dress.
drink,1,飲料；喝,Please drink some water.
drive,1,車程；駕駛,He can drive a car.
driver,1,駕駛人；司機,The driver is careful.
drop,1,一)滴；下降,A drop of rain fell.
drum,1,鼓；打鼓,He plays the drum.
dry,1,乾燥的；使變乾,The towel is dry.
duck,1,鴨子,A duck swam in the pond.
during,1,在…期間,I slept during the movie.
each,1,各個,Each student has a book.
ear,1,耳朵；聽力,She whispered in my ear.
early,1,早的,I woke up early.
earth,1,陸地；地球,The earth goes around the sun.
east,1,東方的,The sun rises in the east.
easy,1,容易的,This question is easy.
eat,1,吃；喝,We eat lunch at noon.
egg,1,蛋；卵細胞,She boiled an egg.
either,1,兩者之中)任一的,Either answer is fine.
elephant,1,象,The elephant is very big.
else,1,其他；另外,Do you want anything else?
email,1,電子郵件；發電子郵件,I sent you an email.
end,1,結束,The movie will end soon.
engineer,1,工程師,My father is an engineer.
enjoy(ment),1,享受,I enjoy reading books.
enough,1,足夠的,We have enough food.
enter,1,進入；參加,Please enter the room.
envelope,1,信封,Put the letter in the envelope.
eraser,1,擦除器(如橡皮擦),May I borrow your eraser?
error,1,錯誤,There is an error in the report.
even,1,甚至；連,Even a child can do it.
evening,1,晚上,We met in the evening.
ever,1,永遠,Have you ever been to Japan?
every,1,每個,Every student has a desk.
everyone/everybody,1,每個人,Everyone is here.
everything,1,每件事；一切,Everything is fine.
example,1,例子；樣品,Give me an example.
excellent,1,傑出的；卓越的,Your work is excellent.
except,1,除了…之外,Everyone came except Tom.
excited,1,感到興奮的,I am excited about the trip.
exciting,1,令人興奮的,The game was exciting.
exercise,1,運動；鍛鍊,Exercise is good for health.
expect,1,期望,I expect to see you soon.
expensive,1,昂貴的,This watch is expensive.
experience,1,經驗,She has teaching experience.
explain,1,解釋,Please explain the rule.
eye,1,眼睛,She has blue eyes.
face,1,面孔；面臨,Wash your face.
fact,1,事實,It is a fact.
factory,1,工廠,He works in a factory.
fail,1,失敗；不及格,Do not be afraid to fail.
fall,1,落下,Leaves fall in autumn.
family,1,家庭；家人,My family is large.
famous,1,著名的,He is a famous singer.
fan,1,扇子；煽動,She is a fan of that band.
far,1,遙遠的,The school is not far.
farm,1,農莊；農場,They live on a farm.
farmer,1,農人；農場經營者,The farmer grows rice.
fast,1,快速的,He runs fast.
fat,1,肥胖的,The cat is fat.
father,1,父親,My father is a teacher.
feed,1,餵食,Please feed the dog.
feel,1,摸；感覺,I feel happy today.
festival,1,節日；歡樂,The festival is in spring.
few,1,少數,Few people came.
fight,1,打鬥；爭吵,They had a fight.
file,1,檔案；歸檔,Save the file.
fill,1,二/n.裝滿,Fill the glass with water.
finally,1,最後；終於,"Finally, we arrived."
find,1,尋找；得到,I cannot find my keys.
fine,1,美好的；健康的,"I am fine, thank you."
finger,1,手指；指出,She pointed with her finger.
finish,1,結束；完成,Please finish your homework.
fire,1,火；開火,The fire is warm.
first,1,第一的,This is my first visit.
fish,1,魚類；釣魚,We caught a fish.
floor,1,地板,The floor is clean.
flower,1,花朵；開花,The flower smells good.
fly,1,蒼蠅；蟲形魚鉤,A fly landed on the food.
follow,1,跟隨,"Follow me, please."
food,1,食物,The food is delicious.
fool,1,傻瓜,Do not be a fool.
foot,1,腳；足,My foot hurts.
for,1,為了；給,This gift is for you.
foreign,1,外國的；陌生的,She speaks a foreign language.
foreigner,1,外國人,A foreigner asked for help.
forget,1,忘記,Do not forget your keys.
fork,1,叉子；分岔,Use a fork to eat.
free,1,自由的,The bird is free.
fresh,1,新鮮的,The fish is fresh.
friend,1,朋友,He is my best friend.
friendly,1,友善的,The people here are friendly.
frog,1,青蛙,A frog jumped into the pond.
from,1,始於；出自,I am from Taiwan.
front,1,前面(的),The car is in front of the house.
fruit,1,水果；成果,Eat more fruit.
full,1,滿的；完全的,The glass is full.
fun,1,娛樂；玩笑,We had a lot of fun.
funny,1,有趣的,The story is funny.
future,1,未來；前途,Think about your future.
game,1,遊戲；競賽,Let's play a game.
garden,1,花園；從事園藝,She works in the garden.
gate,1,大門；柵門,The gate is open.
get,1,獲得；到達,I get up at seven.
ghost,1,鬼；幽靈,The ghost story scared me.
giant,1,巨人；巨大的,A giant tree stood there.
gift,1,禮品；天賦,This gift is for you.
girl,1,少女,The girl is singing.
give,1,給；送給,Give me a hand.
glad,1,高興的,I am glad to see you.
glass,1,玻璃；玻璃杯,He drank a glass of milk.
glasses,1,眼鏡,She wears glasses.
glove(s),1,手套,Put on your gloves.
go,1,去；從事,Let's go home.
god/goddess,1,上帝；造物主,They prayed to God.
good,1,好的；利益,This is a good book.
goodbye,1,再見,"Goodbye, see you tomorrow."
grade,1,級別；評分,She got a good grade.
grandfather,1,祖父；外祖父,My grandfather is old.
grandmother,1,祖母；外祖母,My grandmother cooks well.
grass,1,青草；草地,The grass is green.
gray,1,灰色的,The sky is gray.
great,1,重大的,That is a great idea.
green,1,綠色的,The leaves are green.
ground,1,地面,The ground is wet.
group,1,群；團體；聚集,A group of students came.
grow,1,發育；種植,Plants grow in spring.
guess,1,猜測,Guess what happened.
guitar,1,吉他,He plays the guitar.
guy,1,傢伙；朋友,That guy is my friend.
habit,1,習慣,Reading is a good habit.
hair,1,毛髮；頭髮,She has long hair.
half,1,二分之一的,Give me half of the cake.
ham,1,火腿,I ate a ham sandwich.
hand,1,手；交給,Raise your hand.
hang,1,懸掛；吊死,Hang your coat here.
happen,1,發生,What happened yesterday?
happy,1,快樂的,I am happy today.
hard,1,硬的；艱難的,This work is hard.
hat,1,帽子,He wore a black hat.
hate,1,憎恨,I hate cold weather.
have,1,有；擁有（助動詞/動詞）,I have a book.
"he (him, his, himself)",1,他（受格：他；所有格：他的；反身代名詞：他自己）,He hurt himself.
head,1,頭,She nodded her head.
headache,1,頭痛,I have a headache.
health,1,健康,Health is important.
healthy,1,健康的,She is healthy.
hear,1,聽見,I can hear you.
heart,1,心臟；中心,My heart beats fast.
heat,1,熱度；加熱,Heat the soup.
heavy,1,沉重的,The box is heavy.
height,1,高度,What is your height?
hello,1,哈囉,"Hello, how are you?"
help,1,幫助,Can you help me?
helpful,1,有幫助的,Your advice is helpful.
hen,1,母雞,The hen laid an egg.
here,1,這裡；在這裡,Come here.
hide,1,躲藏；隱藏,The cat hides under the bed.
high,1,高的；高地,The wall is high.
hill,1,小山丘,We climbed the hill.
history,1,歷史,I like history class.
hit,1,打中；打擊,He hit the ball.
hobby,1,嗜好,My hobby is reading.
hold,1,抓住；支撐,Hold my hand.
holiday,1,假日,We had a happy holiday.
home,1,住家；家庭,I am at home.
homework,1,家庭作業,Do your homework.
honest,1,誠實的,He is an honest man.
honey,1,蜂蜜,Bees make honey.
hope,1,希望,I hope you feel better.
horse,1,馬,The horse runs fast.
hospital,1,醫院,She works in a hospital.
hot,1,熱的；熱情的,The soup is hot.
hotel,1,旅館；飯店,We stayed at a hotel.
hour,1,小時,I waited for an hour.
house,1,住宅,Their house is big.
housewife,1,家庭主婦,She is a housewife.
how,1,如何；多少,How are you?
however,1,然而,"However, I still agree."
hundred,1,一百,There are one hundred books.
hungry,1,飢餓的；渴求的,I am hungry.
hurt,1,受傷,My leg hurts.
husband,1,丈夫,Her husband is a doctor.
"I (me, my, mine, myself)",1,我（受格：我；所有格：我的；反身代名詞：我自己）,I hurt myself.
ice,1,冰,The ice is cold.
idea,1,主意；觀念,That is a good idea.
if,1,如果,"If it rains, stay home."
important,1,重要的,This is important.
in,1,在……裡面,The cat is in the box.
inch,1,英吋,The line is one inch long.
insect,1,昆蟲,An insect flew by.
inside,1,在…的裡面；內部的,Stay inside.
interest,1,利益；興趣,I have an interest in music.
interested,1,感興趣的,I am interested in art.
interesting,1,有趣的,The book is interesting.
interview,1,會見；面試,She has a job interview.
into,1,進入……之內,He went into the room.
invite,1,邀請,I invite you to my party.
island,1,島,The island is beautiful.
"it (its, itself)",1,它（所有格：它的；反身代名詞：它自己）,The cat licked itself.
item,1,項目,Check each item.
jacket,1,夾克,He wore a warm jacket.
jeans,1,牛仔褲,She likes blue jeans.
job,1,工作,He found a new job.
join,1,參加,Join us for dinner.
joke,1,玩笑,He told a funny joke.
joy,1,歡樂,Her face was full of joy.
juice,1,果汁,I drink orange juice.
jump,1,跳躍,The cat can jump high.
just,1,公平的,I just finished.
keep,1,保存,Keep this secret.
key,1,關鍵的,Where is my key?
kick,1,踢；反衝,He kicked the ball.
kid,1,小孩,The kid is playing.
kill,1,殺死；使終止,Do not kill insects.
kind,1,親切的,She is kind to everyone.
king,1,國王,The king ruled the land.
kiss,1,吻,She gave him a kiss.
kitchen,1,廚房,Mom is in the kitchen.
kite,1,風箏,The boy flew a kite.
knee,1,膝蓋,He hurt his knee.
knife,1,刀,Cut it with a knife.
knock,1,敲；打,Knock on the door.
know,1,知道,I know the answer.
knowledge,1,知識,Knowledge is power.
lake,1,湖,We swam in the lake.
lamp,1,燈,Turn on the lamp.
land,1,土地,The land is fertile.
language,1,語言,English is a world language.
large,1,大的,A large crowd came.
last,1,最後的；最近的,This is the last page.
late,1,遲的；晚的,He was late for school.
later,1,稍後,I will call you later.
laugh,1,笑,We laughed together.
lawyer,1,律師,The lawyer helped him.
lazy,1,懶散的,Do not be lazy.
lead,1,領導,She will lead the team.
leader,1,領袖,He is a good leader.
learn,1,學習,I learn English every day.
least,1,最少的,That is the least problem.
leave,1,休假；許可；離開,We leave at noon.
left,1,左邊的；左邊,Turn left.
leg,1,腿,My leg is strong.
lemon,1,檸檬,The lemon is sour.
less,1,較少的/地,Eat less sugar.
lesson,1,功課；課程,The lesson was easy.
let,1,允許；讓,Let me help you.
letter,1,信；字母,I got a letter today.
level,1,高度；層；水準,The water level is high.
library,1,圖書館,I study in the library.
lie,1,躺臥,Do not lie on the floor.
life,1,生命,Life is beautiful.
light,1,明亮的,The room is light.
like,1,像；和·一樣,I like apples.
line,1,線條；畫線於,Draw a straight line.
lion,1,獅子,The lion is strong.
lip,1,嘴唇,She has red lips.
list,1,表；把…編列成表,Make a shopping list.
listen,1,聽；聽從,Listen to the teacher.
little,1,小的,A little cat sat there.
live,1,活的,They live in Taipei.
lonely,1,寂寞的,He feels lonely.
long,1,渴望,The river is long.
look,1,看,Look at the board.
lose,1,丟失,Do not lose your ticket.
lot,1,很多,I have a lot of work.
loud,1,大聲的,The music is loud.
love,1,愛；喜歡,I love my family.
lovely,1,可愛的,What a lovely day!
low,1,低的,The chair is low.
lucky,1,幸運的,You are very lucky.
lunch,1,午餐,We had lunch at noon.
machine,1,機器,The machine works well.
mad,1,發瘋的；狂熱的,He was mad at me.
magic,1,有魔力的；魔法,The magic show was fun.
mail,1,郵件；郵寄,I got mail today.
main,1,主要的,This is the main road.
make,1,做；到達；獲得,I make breakfast every day.
man,1,男人,The man is tall.
many,1,許多,Many people came.
map,1,地圖,Look at the map.
mark,1,痕跡；記號,There is a mark on the wall.
market,1,市場,We buy food at the market.
married,1,已婚的,They are married.
mathematics/math,1,數學,Math is my favorite subject.
matter,1,事情；問題,What is the matter?
may,1,五月,May is a warm month.
maybe,1,可能,Maybe he is right.
meal,1,一餐,We had a big meal.
mean,1,吝嗇的,He is mean with money.
meat,1,食用的)肉,She does not eat meat.
media,1,媒體,The media reported the news.
medicine,1,藥；醫學,Take your medicine.
medium,1,中間；媒介,He is of medium height.
meet,1,遇見,Nice to meet you.
meeting,1,會議,The meeting starts at ten.
member,1,成員,She is a club member.
menu,1,菜單；項目單,"Read the menu, please."
middle,1,中問的；中部,He sat in the middle.
milk,1,牛奶,I drink milk every day.
million,1,百萬,A million people live here.
mind,1,頭腦；注意；留意,Keep that in mind.
mine,1,礦；礦山,This book is mine.
minute,1,分鐘,Wait a minute.
miss,1,錯過；想念,I miss my family.
mistake,1,錯誤；過失,I made a mistake.
modern,1,現代的,This is a modern building.
moment,1,片刻,Wait a moment.
money,1,錢,I need some money.
monkey,1,猴子,The monkey climbed the tree.
month,1,月,Next month is May.
moon,1,月亮,The moon is bright.
more,1,更多的,I need more time.
morning,1,早晨,Good morning!
most,1,最大程度地,Most students passed.
mother,1,母親；媽媽,My mother is kind.
mountain,1,山,The mountain is high.
mouse,1,鼠；滑鼠,The mouse is small.
mouth,1,嘴；口,Open your mouth.
move(ment),1,使移動；使感動,Please move your car.
movie/film,1,電影,We watched a movie.
Mr./Mister,1,先生,Mr. Brown is here.
Mrs.,1,太太,Mrs. Wang is my teacher.
Ms.,1,女士,Ms. Lee is our teacher.
much,1,許多的,I do not have much time.
mud,1,泥,His shoes were covered with mud.
museum,1,博物館,We visited the museum.
music,1,音樂,I like pop music.
must,1,必須,You must study.
name,1,名字,What is your name?
national,1,國家的,Today is a national holiday.
nature,1,自然,I love nature.
near,1,在……附近；靠近的,The school is near.
neck,1,頸；脖子,My neck hurts.
need,1,需要,I need your help.
net,1,網；用網捕,The ball hit the net.
never,1,永不,I never smoke.
new,1,新的,This is a new book.
news,1,新聞,I watch the news.
newspaper,1,報紙,He reads a newspaper.
next,1,下一個的,See you next week.
nice,1,好的,You are very nice.
night,1,夜,Good night.
no/nope,1,不；沒有,"No, thank you."
nobody,1,沒有人,Nobody knows.
noise,1,噪音,The noise woke me up.
noisy,1,吵鬧的,The class is noisy.
noon,1,中午,We meet at noon.
north,1,北方,They live in the north.
nose,1,鼻；嗅覺,My nose is runny.
not,1,不；沒有,I am not tired.
note,1,筆記；注意,Take a note.
nothing,1,沒有東西；沒有事情,There is nothing here.
notice,1,公告；注意；通知,I did not notice him.
now,1,現在,We must go now.
number,1,數字；給…號碼,What is your phone number?
nurse,1,護士,The nurse is kind.
O.K./OK/okay,1,好的；可以,"O.K., I agree."
o’clock,1,……點鐘,It is five o’clock.
of,1,……的,This is the color of the sky.
off,1,離開；關掉,Turn off the light.
office,1,辦公室,She works in an office.
officer,1,軍官；官員,The officer helped us.
often,1,時常,I often read at night.
oil,1,油；石油,Add some oil to the pan.
old,1,老的；舊的,This is an old house.
on,1,在……上面,The book is on the desk.
once,1,曾經；一旦,Once I lived there.
online,1,線上的,I shop online.
only,1,只；唯一的,Only one left.
open,1,打開；開著的,Open the window.
or,1,或者,Tea or coffee?
orange,1,橘色的；柳橙,I ate an orange.
order,1,順序；點餐；命令,May I take your order?
other,1,另一個的；另一方,The other shoe is missing.
out,1,在外,He is out now.
outside,1,在外面；外部的,The children play outside.
over,1,在…之上,The plane flew over the city.
own,1,自己的,I have my own room.
pack,1,包裹；捆,Pack your bags.
package,1,包；包裝,A package arrived.
page,1,頁,Turn to page ten.
paint,1,油漆；顏料,They paint the wall.
pair,1,一對,I bought a pair of shoes.
pants,1,褲子,He wears black pants.
paper,1,紙,Give me a sheet of paper.
parent(s),1,父母,My parents are kind.
park,1,公園,We played in the park.
part,1,一部分,This is my favorite part.
party,1,派對,We had a birthday party.
pass,1,通行許可；經過,Please pass the salt.
past,1,過去的,"In the past, life was simple."
pay(ment),1,付錢,I will pay for dinner.
pen,1,筆,May I borrow your pen?
pencil,1,鉛筆,Write with a pencil.
people,1,人們,Many people live here.
perhaps,1,也許,Perhaps he will come.
person,1,人,She is a good person.
pet,1,寵物；愛撫,I have a pet dog.
photograph/photo,1,照片,This photo is old.
piano,1,鋼琴,She plays the piano.
pick,1,十字鎬；挑選,Pick a card.
picnic,1,野餐；去郊遊野餐,We had a picnic.
picture,1,圖畫；想像,Draw a picture.
pie,1,派,She baked an apple pie.
piece,1,破片；拼合,I ate a piece of cake.
pig,1,豬,The pig is fat.
pin,1,大頭針；別針；釘住,Use a pin to hold the paper.
pink,1,粉紅色的,She likes pink.
pipe,1,管；用管道輸送,Water flows through the pipe.
place,1,地方；放置,This is a nice place.
plan,1,計劃,We made a plan.
planet,1,行星,Earth is a planet.
plant,1,植物；種植,The plant needs water.
plate,1,盤；碟,Put the food on the plate.
play,1,玩耍；玩,Children play outside.
player,1,玩家；選手,He is a good player.
please,1,使)高興,Please sit down.
pleasure,1,愉快,It is a pleasure to meet you.
pm/p.m.,1,下午,The class starts at 3 p.m.
pocket,1,口袋,The key is in my pocket.
point,1,尖端；持向,Do not point at people.
police,1,警察,The police came quickly.
polite,1,有禮貌的,He is polite to everyone.
pond,1,池塘,Ducks swim in the pond.
pool,1,水塘,We swam in the pool.
poor,1,貧窮的,The poor family needs help.
popcorn,1,玉米花,We ate popcorn at the movies.
popular,1,流行的,This song is popular.
possible,1,可能的,Is it possible to finish today?
pot,1,罐；壺；盒,The pot is on the stove.
potato,1,馬鈴薯,I ate a baked potato.
power,1,權力,The king had great power.
practice,1,練習；實踐,Practice makes perfect.
prepare,1,準備,Prepare for the test.
present,1,出席的,All students are present.
pretty,1,漂亮的,She is pretty.
price,1,價格,The price is high.
probably,1,可能；大概,He is probably at home.
problem,1,問題,No problem.
program,1,程序；編製程序,The computer program works.
proud,1,白尊的,I am proud of you.
public,1,公眾的；大眾,This is a public park.
pull,1,拖；拉,Pull the door open.
push,1,推,Push the door.
put,1,安置,Put it on the table.
quarter,1,四分之一,It is a quarter past three.
queen,1,王后,The queen waved to the crowd.
question,1,問題；詢問,May I ask a question?
quick,1,快速的/地,Be quick!
quiet,1,安靜的；使安靜,Please be quiet.
quite,1,完全；非常,It is quite cold.
rabbit,1,兔,The rabbit is white.
race,1,比賽,He won the race.
radio,1,收音機,She listens to the radio.
rain,1,雨,The rain is heavy.
rainbow,1,彩虹,A rainbow appeared.
rainy,1,多雨的,It is a rainy day.
raise,1,舉起；上漲,Raise your hand.
reach,1,抵達,We reached the top.
read,1,讀,I read every night.
ready,1,有準備的,Are you ready?
real,1,真的,Is this real gold?
really,1,真地；的確,I really like it.
reason,1,理由,Tell me the reason.
red,1,紅色的,She wore a red hat.
relative,1,比較上的,A relative visited us.
remember,1,記得,Remember to call me.
repeat,1,重覆地說(做),Please repeat the question.
report,1,報告；述說,I wrote a report.
reporter,1,報告者,The reporter asked questions.
rest,1,休息,Take a rest.
restaurant,1,餐廳,We ate at a restaurant.
rice,1,米,We eat rice every day.
rich,1,富有的,He is a rich man.
ride,1,騎；騎乘,I ride my bike to school.
right,1,正確的,You are right.
ring,1,圈；圍住,The phone is ringing.
rise,1,上升；站起來,The sun rises in the east.
river,1,河流,The river is wide.
road,1,路,The road is long.
robot,1,機器人,The robot can walk.
rock,1,岩石,The rock is heavy.
roll,1,滾動,The ball rolled away.
room,1,房問,My room is clean.
root,1,根,The root is deep.
rope,1,繩子,Pull the rope.
rose,1,玫瑰,The rose is red.
round,1,圓的,The table is round.
row,1,爭吵,They had a row.
rule,1,規則,Follow the rule.
ruler,1,統治者,The ruler is long.
run,1,跑,I run every morning.
sad,1,難過,She feels sad.
safe,1,安全的,You are safe here.
salad,1,沙拉,I ate a green salad.
sale,1,出售；拍賣,The shoes are on sale.
salt,1,鹽,Add some salt.
same,1,同樣的,We have the same bag.
save,1,拯救,Save the child!
say,1,說,What did you say?
school,1,學校,I go to school.
science,1,科學,Science is interesting.
sea,1,海洋,The sea is blue.
season,1,季節,Spring is my favorite season.
seat,1,座位；坐下,Take a seat.
second,1,第 v.的；秒,Wait a second.
secretary,1,秘書,The secretary answered the phone.
see,1,看見,I can see the moon.
seed,1,種子,Plant the seed.
sell,1,賣,They sell fruit.
send,1,送,Send me a message.
sentence,1,判決,Write a sentence.
serious,1,嚴肅的,He looks serious.
service,1,服侍,The service is good.
set,1,放置,Set the table.
several,1,幾個的；幾個,Several people came.
shake,1,搖動,Shake the bottle.
shall,1,將；會（助動詞）,Shall we go now?
shape,1,形狀；做成,What shape is it?
share,1,分擔；分配,Share the cake.
sharp,1,尖銳的,The knife is sharp.
"she (her, hers, herself)",1,她（受格：她；所有格：她的；反身代名詞：她自己）,She made it herself.
sheep,1,羊,The sheep eats grass.
ship,1,船,The ship is large.
shirt,1,襯衫,He wore a white shirt.
shoe(s),1,鞋,My shoes are new.
shop,1,商店,The shop is open.
short,1,短的,The rope is short.
shorts,1,短褲,He wears shorts in summer.
shoulder,1,肩膀；肩負,My shoulder hurts.
shout,1,喊叫(聲),Do not shout.
show,1,表演；展現,The show starts at eight.
shower,1,陣雨,I take a shower.
sick,1,有病的,She is sick.
side,1,邊；面,Sit by my side.
sight,1,視力；看見,The sight was beautiful.
sign,1,記號；簽字,"Sign here, please."
simple,1,簡單的,It is a simple question.
since,1,從…以來,I have lived here since 2010.
sing,1,歌唱,She likes to sing.
singer,1,歌手,The singer is famous.
sir,1,先生,"Yes, sir."
sister,1,姊妹,My sister is younger.
sit,1,坐,Please sit down.
size,1,尺寸,What size do you wear?
skirt,1,裙子,She wore a blue skirt.
sky,1,天空,The sky is clear.
sleep,1,睡眠,I need more sleep.
slim,1,苗條的,She is slim.
slow,1,緩慢的,The turtle is slow.
small,1,小的,This is a small dog.
smart,1,聰明的,He is smart.
smell,1,氣味；聞,The flower smells sweet.
smile,1,微笑,She has a nice smile.
smoke,1,煙；抽煙,Do not smoke here.
snake,1,蛇,The snake is long.
snow,1,雪,The snow is white.
so,1,所以,"It rained, so we stayed home."
sofa,1,沙發,He sat on the sofa.
soldier,1,軍人,The soldier stood still.
some,1,一些,I need some water.
someone/somebody,1,某人,Someone is at the door.
something,1,某物,I want something to eat.
sometimes,1,有時,Sometimes I walk to school.
somewhere,1,某處,Let's go somewhere quiet.
son,1,兒子,Their son is a student.
song,1,歌曲,This song is beautiful.
soon,1,很快,He will come soon.
sore,1,疼痛的,My throat is sore.
sorry,1,感到抱歉的；感到遺憾的,I am sorry.
sound,1,無恙的,The sound is loud.
soup,1,湯,The soup is hot.
south,1,南方的,They live in the south.
space,1,空間,There is enough space.
speak,1,說話,May I speak to Tom?
special,1,特別的,Today is a special day.
spell,1,拼寫,How do you spell your name?
spend,1,花費,I spend time reading.
spring,1,春天,Spring is warm.
square,1,四方的,The box is square.
stair,1,樓梯,Go up the stairs.
stand,1,攤位；站,Please stand up.
star,1,星；明星,The star is bright.
start,1,開始,The game will start soon.
station,1,車站,The train station is near.
stay,1,停留,"Stay here, please."
still,1,靜止的；仍然,He is still sleeping.
stop,1,車站；停止,Stop the car.
store,1,店鋪；儲存,The store is closed.
story,1,故事,She told a story.
straight,1,筆直的,Go straight ahead.
strange,1,奇怪的,That is strange.
street,1,街道,The street is busy.
string,1,細繩,Tie it with string.
strong,1,強壯的,He is strong.
student,1,學生,She is a good student.
study,1,學業,I study English.
stupid,1,愚蠢的,That was a stupid mistake.
subject,1,主題,Math is my best subject.
successful,1,成功的,She is a successful singer.
sugar,1,糖,Add some sugar.
sun,1,太陽；曬太陽,The sun is bright.
sunny,1,陽光充足的,It is a sunny day.
supermarket,1,超級市場,We buy food at the supermarket.
sure,1,確信的,Are you sure?
surprise,1,驚訝；使驚奇,The gift was a surprise.
surprised,1,感到驚奇的,I was surprised to see him.
sweet,1,甜的,The candy is sweet.
T-shirt,1,T恤,He wore a blue T-shirt.
table,1,桌子,Put it on the table.
tail,1,尾巴,The dog wagged its tail.
take,1,拿(走),Take this book.
talk,1,說話；談話,We need to talk.
tall,1,高的,He is tall.
tape,1,錄音帶,I listened to the tape.
taste,1,味覺；品嚐,Taste the soup.
taxicab/taxi/cab,1,計程車,We took a taxi.
tea,1,茶,I drink tea.
teach,1,教導,She teaches English.
teacher,1,教師,My teacher is kind.
team,1,隊,Our team won.
teenager,1,青少年,The teenager likes music.
telephone/phone,1,電話,Answer the telephone.
television/TV,1,電視機,We watch television.
tell,1,告訴,Tell me the truth.
temple,1,廟宇,We visited a temple.
tennis,1,網球(運動),They play tennis.
terrible,1,可怕的,The weather is terrible.
test,1,小考；考驗,We have a test today.
than,1,比；比較,She is taller than me.
thank,1,感謝,Thank you very much.
that,1,那個；那,That is my house.
the,1,這；那（定冠詞）,The sun is bright.
theater,1,戲院,We went to the theater.
then,1,那時,Then we went home.
there,1,那裡,Look over there.
these,1,這些,These books are mine.
"they (them, their, theirs, themselves)",1,他們（受格：他們；所有格：他們的；反身代名詞：他們自己）,They enjoyed themselves.
thick,1,厚的,The book is thick.
thin,1,薄的,The paper is thin.
thing,1,束西,What is that thing?
think,1,想,I think you are right.
third,1,第三,This is the third time.
this,1,這個,This is my book.
those,1,那些,Those flowers are pretty.
though,1,然而；雖然,"Though it was late, we stayed."
thousand,1,一千,A thousand people came.
throat,1,喉嚨,My throat hurts.
through,1,通過,We walked through the park.
throw,1,投；扔,Throw the ball.
ticket,1,票,I bought a ticket.
tidy,1,整潔的,Keep your room tidy.
tie,1,領帶,He wore a red tie.
tiger,1,老虎,The tiger is dangerous.
time,1,時間,What time is it?
tip,1,小費,I left a tip.
tired,1,疲倦的,I am tired.
to,1,到；向,I go to school.
today,1,今天,Today is Monday.
toe,1,腳趾,I hurt my toe.
together,1,一起,Let's go together.
toilet,1,洗手間；廁所,Where is the toilet?
tomato,1,蕃茄,I ate a tomato.
tomorrow,1,明天,See you tomorrow.
tonight,1,今晚,We will meet tonight.
too,1,也；太過,I like it too.
tool,1,工具,This tool is useful.
tooth,1,牙齒,My tooth hurts.
top,1,頂端的；頂部,The top is flat.
topic,1,題目,The topic is interesting.
total,1,完全的；總數,The total is ten dollars.
touch,1,觸覺；觸摸,Do not touch the paint.
towel,1,毛巾,Use a towel.
town,1,城鎮,He lives in a small town.
toy,1,玩具；玩弄,The child played with a toy.
traffic,1,交通,The traffic is heavy.
train,1,火車,We took the train.
treat(ment),1,請客；對待,He treated me to lunch.
tree,1,樹,The tree is tall.
trip,1,旅行,We went on a trip.
trouble,1,憂慮,He is in trouble.
truck,1,卡車；用卡車裝運,The truck is big.
try,1,嘗試,Try again.
turn,1,轉動,Turn left.
twice,1,兩次,I called twice.
type,1,類型,What type do you like?
uncle,1,伯父,My uncle is here.
under,1,在…下面,The cat is under the table.
understand,1,了解；明白,I understand you.
uniform,1,相同的；制服,He wears a school uniform.
until,1,直到…時,Wait until tomorrow.
up,1,向上地,Look up.
use,1,益處；使用,Use a pen.
useful,1,有用的,This map is useful.
usually,1,通常,I usually get up early.
vegetable,1,蔬菜,Eat your vegetables.
very,1,非常,It is very hot.
video,1,錄影帶,We watched a video.
violin,1,小提琴,She plays the violin.
visit,1,探望,I will visit my aunt.
visitor,1,探訪者,A visitor came.
voice,1,聲音；表達,Her voice is soft.
wait,1,等候,Wait for me.
wake,1,醒來,I wake up early.
walk,1,走,We walk to school.
wall,1,牆,The wall is white.
want,1,想要,I want some water.
warm,1,溫暖的；使暖和,The weather is warm.
watch,1,手錶,My watch is new.
water,1,水,Drink more water.
wave,1,波；揮動,He waved his hand.
way,1,路,This is the way home.
"we (us, our, ours, ourselves)",1,我們（受格：我們；所有格：我們的；反身代名詞：我們自己）,We enjoyed ourselves.
weak,1,虛弱的,He is weak.
wear,1,穿；戴,She wears a hat.
weather,1,天氣,The weather is nice.
week,1,週,See you next week.
weekend,1,週末,I rest on the weekend.
welcome,1,歡迎,Welcome to Taiwan.
well,1,很好地,She sings well.
west,1,西方的,The sun sets in the west.
wet,1,溼的,The floor is wet.
what,1,什麼,What is your name?
when,1,那時；什麼時候,When will you come?
where,1,在哪裡；哪裡,Where is the bank?
whether,1,是否,I wonder whether he will come.
which,1,哪一個,Which book is yours?
while,1,當…的時候,He called while I was out.
white,1,白色的,The wall is white.
who,1,誰,Who is that man?
whose,1,誰的,Whose bag is this?
why,1,為什麼,Why are you late?
wide,1,寬的,The road is wide.
wife,1,妻子,His wife is a teacher.
will,1,意志力,He has a strong will.
win,1,勝利；獲勝,We will win the game.
wind,1,風,The wind is strong.
window,1,窗,Open the window.
wise,1,聰明的,He is a wise man.
wish,1,希望,I wish you good luck.
with,1,與,Come with me.
without,1,沒有,I cannot live without water.
woman,1,女人,The woman is smiling.
wonderful,1,極好的,We had a wonderful time.
word,1,字,Write the word.
work,1,工作,I go to work.
worker,1,工人,The worker is busy.
world,1,世界,The world is big.
worry,1,煩惱,Do not worry.
write,1,寫,Write your name.
writer,1,作家,She is a writer.
wrong,1,錯誤的,This answer is wrong.
yard,1,碼,The yard is clean.
year,1,年,This year is good.
yellow,1,黃色的,The sun is yellow.
yes/yeah,1,是的,"Yes, I agree."
yesterday,1,昨天,Yesterday was rainy.
yet,1,但是；還,I am not ready yet.
"you (your, yours, yourself, yourselves)",1,你（所有格：你的；反身代名詞：你自己）,You should be proud of yourself.
young,1,年輕的,She is young.
zero,1,零,The score is zero.
zoo,1,動物園,We went to the zoo.
1,2,真實的,The story is true.
absence,2,缺席；缺少,His absence from class was noticed.
absent,2,缺席的,She was absent from school yesterday.
accept,2,接受,I accept your apology.
accident,2,事故,The accident happened near the school.
account,2,帳戶；描述,I opened a bank account today.
active,2,活躍的；積極的,He is active in class.
activity,2,活動；活動力,The school holds many activities.
actual,2,實際的,The actual cost was higher.
addition,2,增加；附加,"In addition, we need more time."
address,2,地址；致詞,Please write your address here.
admit,2,承認,He admitted his mistake.
adult,2,成年人,Every adult must pay.
advance,2,推進；將…提前,Please advance the meeting by one day.
advice,2,勸告；消息,She gave me good advice.
affair,2,事情；事件,The party was a happy affair.
affect,2,影響；使感動,Weather can affect our mood.
against,2,反對；對著,He leaned against the wall.
ahead,2,在·前面；領先,The road ahead is clear.
aid,2,幫助,They gave aid to the victims.
aim,2,目標；瞄準,My aim is to pass the test.
aircraft,2,航空器；飛機,The aircraft landed safely.
alarm,2,警報；驚恐,The fire alarm rang loudly.
album,2,一套唱片；相簿,She put the photos in an album.
alike,2,相同的,The two sisters look alike.
alive,2,活著的；有活力的,The old tree is still alive.
alone,2,單獨的,He lives alone.
aloud,2,大聲地,Please read the text aloud.
altogether,2,完全；總而言之,"Altogether, it was a good day."
among,2,在…之中,She sat among her friends.
amount,2,共計；總數,A large amount of rain fell.
ancient,2,古代的,We visited an ancient temple.
anger,2,生氣,His anger slowly disappeared.
angle,2,角度；立場,Try looking at it from another angle.
ankle,2,足踝,She hurt her ankle while running.
anytime,2,任何時候,You can call me anytime.
anyway,2,無論如何,"It was late, but we went anyway."
anywhere/anyplace,2,任何地方,I cannot find it anywhere.
ape,2,大猩猩,The ape climbed the tree.
appearance,2,外貌；顯露,He cares about his appearance.
appetite,2,胃口；食慾,Exercise gives me a good appetite.
apply,2,應用；申請,I will apply for the job.
appreciate,2,欣賞；感激,I appreciate your help.
approach,2,接近；著手處理,Winter is approaching fast.
argue(argument),2,爭論；主張,They often argue about money.
army,2,軍隊；團體,He joined the army last year.
arrange(ment),2,安排,We arranged a meeting for Friday.
arrival,2,到達；到達者,Her arrival surprised everyone.
arrow,2,箭,The arrow hit the target.
article,2,文章；冠詞,I read an interesting article.
artist,2,藝術家；藝人,The artist painted a beautiful picture.
asleep,2,睡著的,The baby is asleep.
attempt,2,嘗試,He made an attempt to climb the wall.
attend,2,參加,I will attend the meeting.
attention,2,注意力,Please pay attention to the teacher.
author,2,作者,The author wrote many books.
available,2,可獲得的；有空的,The room is available now.
average,2,平均的,His grades are above average.
avoid,2,避免；躲開,Try to avoid heavy traffic.
backpack,2,背包；打包旅行,He carried a heavy backpack.
backward,2,反方向地,He took a step backward.
backward/backwards,2,反方向地,She looked backwards for a moment.
badminton,2,羽毛球,They play badminton after school.
bake,2,烘；烤,My mother likes to bake bread.
bakery,2,麵包店,We bought fresh bread at the bakery.
balance,2,平衡,She lost her balance and fell.
balcony,2,陽臺；樓座,We had breakfast on the balcony.
balloon,2,氣球,The child held a red balloon.
bar,2,棒；沙洲；酒吧,They met at a small bar.
barbecue,2,烤肉,We had a barbecue in the park.
barber,2,理髮師,The barber cut my hair short.
bark,2,吠叫；咆哮,The dog began to bark loudly.
base,2,基礎,Trust is the base of friendship.
basic,2,基本的,Water is a basic need.
basics,2,基本要素,Learn the basics first.
basis,2,基礎；根據,Trust is the basis of friendship.
bathe,2,洗澡；沐浴,She likes to bathe before bed.
battle,2,戰役,The battle lasted all day.
beard,2,下巴上的)鬍鬚,He has a long gray beard.
beat,2,敲擊；打敗,Our team beat theirs by two points.
beauty,2,美人,The beauty of the lake amazed us.
beer,2,啤酒,He ordered a cold beer.
beg,2,乞求；乞討,The dog begged for food.
beginner,2,初學者,This class is for beginners.
behave,2,表現；行為舉止,The children behaved very well.
being,2,存在；生物,Every human being has value.
belief,2,信念；信條,She has a strong belief in justice.
bend,2,彎曲,Bend your knees slowly.
better,2,更好的,This plan is better than the old one.
beyond,2,在遠處,The mountains are beyond the river.
bill,2,帳單；鈔票,Please pay the bill.
billion,2,十億；大量,The company is worth a billion dollars.
birth,2,出生；分娩,She gave birth to a healthy boy.
biscuit,2,小麵包；餅乾,He ate a biscuit with tea.
bit,2,一點點,I am a bit tired.
blackboard,2,黑板,The teacher wrote on the blackboard.
blame,2,責備；歸咎於…,Do not blame others for your mistake.
blank,2,空白的,Please fill in the blank.
blanket,2,毛毯,She covered the child with a blanket.
blood,2,血液,The doctor took a blood test.
board,2,木板；牌子,He wrote the answer on the board.
boil,2,沸騰,Boil the water before drinking it.
bone,2,骨頭；骨質,The dog buried a bone.
bookstore,2,書店,I bought a novel at the bookstore.
border,2,邊界；比鄰,The river forms the border.
bother,2,打擾；煩惱,Do not bother your sister.
brain,2,腦袋；智力,The brain needs oxygen.
branch,2,樹枝；分支,A bird sat on the branch.
brand,2,商標；烙印,This brand is popular with teens.
brief,2,簡短的,He gave a brief speech.
brilliant,2,光輝的；傑出的,She had a brilliant idea.
broad,2,寬廣的；概括的,The road is broad and clean.
brush,2,刷子；刷,Brush your teeth twice a day.
building,2,建築物,That building is very tall.
bun,2,小圓甜麵包；髮髻,She put her hair in a bun.
burden,2,負擔；加負擔於…,The heavy bag was a burden.
burn,2,燃燒；燒傷,Be careful not to burn the rice.
burst,2,爆發；爆炸,The balloon burst with a loud noise.
businessman,2,商人,The businessman made a deal.
cabbage,2,甘藍菜,She cooked cabbage with meat.
café/cafe,2,咖啡館,We met at a small café.
cage,2,籠子；監牢,The bird sang in its cage.
calendar,2,日曆；行事曆,I marked the date on my calendar.
calm,2,鎮靜的,Stay calm and think clearly.
camel,2,駱駝,The camel walked across the desert.
cancel,2,取消,They had to cancel the trip.
cancer,2,惡性腫瘤；癌症,He is being treated for cancer.
candle,2,蠟燭,She lit a candle in the dark.
capital,2,主要的；首都；資本,Taipei is the capital of Taiwan.
cartoon,2,卡通；連環漫畫,The children watched a cartoon.
cash,2,現金,I paid in cash.
castle,2,城堡,We visited an old castle.
cause,2,導致；原因,Smoking can cause health problems.
ceiling,2,天花板,The ceiling is white.
cell,2,小囚房；細胞,The body is made of cells.
centimeter,2,公分,The line is ten centimeters long.
central,2,中央的；核心的,The hotel is in a central location.
century,2,世紀,We live in the twenty-first century.
cereal,2,玉蜀黍薄片,He eats cereal for breakfast.
chain,2,鏈條；束縛,The dog was tied with a chain.
chalk,2,白堊；粉筆,The teacher used chalk to write.
challenge,2,挑戰,Learning English is a challenge.
channel,2,海峽；溝渠,This TV channel shows news.
chapter,2,章，回,Read the first chapter.
character,2,性格；特質,He has a kind character.
charge,2,索價；控告,The hotel charges too much.
chart,2,圖表,The chart shows the results.
chase,2,追逐,The dog chased the cat.
cheat,2,作弊；欺騙,Do not cheat on the test.
cheer,2,歡呼；激勵,The fans cheered for the team.
chemical,2,化學的,The factory uses chemical materials.
chess,2,西洋棋,He is good at chess.
chief,2,主要的；首領,The chief problem is money.
childhood,2,童年時期,She had a happy childhood.
childish,2,孩子氣的,Stop acting childish.
china,2,瓷器,The cup is made of china.
chopstick(s),2,筷子,He ate rice with chopsticks.
claim,2,要求；聲稱,He claims that he saw a UFO.
clap,2,拍手,The audience clapped loudly.
classic,2,經典的；名著,This book is a classic.
classical,2,極好的；古典的,She enjoys classical music.
classmate,2,同班同學,My classmate helped me study.
clever,2,伶俐的；機敏的,The clever boy solved the puzzle.
click,2,使發出聲,Click the button to start.
climate,2,氣候；風氣,The climate here is warm.
cloth,2,布料；衣料,She bought cloth to make a dress.
clothing,2,衣服；覆蓋物,Warm clothing is needed in winter.
cloudy,2,多雲的,The sky is cloudy today.
coal,2,煤礦；煤塊,Coal was used to heat the house.
coast,2,海岸；沿海地區,We drove along the coast.
cockroach/roach,2,蟑蚣卜；油蟲,A cockroach ran under the table.
cocoa,2,可可,She drank hot cocoa.
coin,2,硬幣,He found a coin on the floor.
cola/Coke,2,可樂類飲料,She drank a can of cola.
college,2,大學；學院,He plans to go to college.
comb,2,梳子；梳頭,She combed her hair.
combine,2,結合,Combine the flour and water.
comic(s),2,滑稽的,He reads comic books.
command,2,命令；控制,The officer gave a command.
commercial,2,商業的,The movie was a commercial success.
company,2,公司；同伴,She works for a small company.
compare,2,比較,Compare these two pictures.
complete,2,完全的；完成,Please complete the form.
complex,2,複雜的；情結,The problem is very complex.
concern,2,關心；涉及,I have a concern about the plan.
conclude,2,結束；斷定,We concluded the meeting early.
condition,2,情況；決定,The car is in good condition.
confident,2,有自信的,She feels confident about the test.
conflict,2,衝突,The conflict caused many problems.
congratulation(s),2,恭喜,Congratulations on your success!
connection,2,連接；關聯,There is a connection between the two.
consider,2,認為；考慮,Please consider my idea.
consideration,2,考慮；動機,Thank you for your consideration.
contact,2,接觸；聯繫,Please contact me by email.
contain,2,包含,This box contains old photos.
continue,2,持續,The rain continued all night.
contract,2,契約,They signed a two-year contract.
control,2,控制,He lost control of the car.
conversation,2,會話；談吐,We had a long conversation.
corn,2,玉米；穀物,The farmer grows corn.
countryside,2,鄉村,They live in the countryside.
couple,2,一)對,A young couple moved in next door.
courage,2,勇氣,She showed courage in danger.
court,2,法庭,The case will go to court.
cowboy,2,牛仔；牧牛人,The cowboy rode a horse.
crayon,2,蠟筆,The child drew with a crayon.
cream,2,奶油；乳脂,She added cream to her coffee.
create,2,創造,Artists create beautiful things.
crime,2,罪行；犯罪活動,The police fight crime.
crisis,2,危機,The country faces an economic crisis.
crow,2,烏鴉；雞啼聲,A crow sat on the roof.
crowd,2,人群；擠滿,A large crowd gathered outside.
cultural,2,文化的；教養的,The city has many cultural events.
culture,2,文化；教養,I enjoy learning about other cultures.
cure,2,治療；治癒,There is no cure for the common cold.
curious,2,好奇的,The curious child asked many questions.
current,2,目前的；潮流,The current situation is stable.
curtain,2,簾；給…裝上簾子,She opened the curtain.
custom,2,海關；習慣,It is a local custom.
customer,2,顧客,The customer is always right.
cycle,2,週期；循環,The life cycle of a butterfly is short.
daily,2,每日的,Reading is part of my daily routine.
damage,2,損害；毀壞,The storm caused serious damage.
dancer,2,舞者,She is a talented dancer.
danger,2,危險,The children were in danger.
data,2,資料,The data support his idea.
deaf,2,聾的,He is deaf in one ear.
debate,2,爭論,They had a heated debate.
debt,2,債,He is trying to pay off his debt.
decision,2,決定,It was a difficult decision.
deer,2,鹿,A deer ran across the road.
degree,2,度數；學位；等級,She has a degree in English.
delay,2,拖延,The flight delay made us late.
delicious,2,美味可口的,The cake was delicious.
deliver,2,遞送,They deliver pizza to your home.
delivery,2,投遞；交貨,The delivery arrived this morning.
dentist,2,牙科醫師,I have an appointment with the dentist.
deny,2,否定；否認,He denied taking the money.
department,2,部門；系,She works in the sales department.
depend,2,依賴,Children depend on their parents.
depth,2,深度,The depth of the pool is two meters.
describe,2,描述,Can you describe the man?
description,2,描寫；說明?,Write a short description of the room.
desert,2,沙漠,The desert is hot and dry.
design,2,設計,She studies fashion design.
detail,2,細節,Please give me more details.
develop(ment),2,發展,The child is developing quickly.
dial,2,撥號；刻度盤,Dial the number carefully.
dialogue,2,對話,The two leaders had a dialogue.
diamond,2,鑽石,She wore a diamond ring.
diary,2,日記,He writes in his diary every night.
diet,2,飲食；特種飲食,A healthy diet is important.
difference,2,差異,What is the difference between them?
difficulty,2,困難,He had difficulty finding the address.
direct,2,直接的；指向,This is a direct flight.
direction,2,方向,We walked in the wrong direction.
director,2,主管；導演,The director made a new movie.
disagree(ment),2,不同意,I disagree with your opinion.
disappear,2,消失,The sun disappeared behind the clouds.
discover,2,發現,Scientists discovered a new planet.
discovery,2,發現,The discovery changed medicine.
discuss,2,討論,We discussed the plan together.
discussion,2,討論,The discussion lasted an hour.
disease,2,疾病,Heart disease is common.
display,2,陳列,The store displays new products.
distance,2,距離,The distance is about five miles.
distant,2,遙遠的,He lives in a distant country.
divide,2,劃分；分歧,Divide the cake into eight pieces.
division,2,分開；部門,She works in the sales division.
domestic,2,家庭的；國內的,They took a domestic flight.
dot,2,點；打點於,There is a dot on the map.
double,2,兩倍的；雙重地,The price is double now.
doubt,2,懷疑；疑點,I doubt that he will come.
dove,2,鴿,A white dove flew away.
download,2,下載,I will download the file.
downstairs,2,樓下,She went downstairs to eat.
dragon,2,龍,The dragon breathed fire.
drama,2,戲劇,She studies drama at school.
drawer,2,抽屜；拖曳者,The keys are in the drawer.
drawing,2,素描；製圖,He made a drawing of the tree.
drug,2,藥品；毒品,This drug can help with pain.
dryer,2,吹風機,She used a hair dryer.
due,2,到期的,The report is due tomorrow.
dull,2,單調的；遲鈍的,The movie was dull and long.
duty,2,義務；稅,It is your duty to help.
eagle,2,鷹,An eagle flew high above.
earn,2,賺取；贏得,He earns money by teaching.
earring(s),2,耳環,She wore silver earrings.
earthquake,2,地震,The earthquake shook the city.
ease,2,容易；減輕,This medicine will ease the pain.
eastern,2,東方的,They live in the eastern part.
edge,2,邊緣；使鋒利,Do not stand near the edge.
edition,2,發行數；版本,This is the first edition.
education,2,教育；教育學,Education changes lives.
effect,2,結果；作用；影響,The medicine had a quick effect.
effective,2,有效的,This is an effective method.
effort,2,努力,Success requires effort.
elder,2,年齡較大的,My elder brother is a doctor.
electric,2,電的,We bought an electric fan.
electrical,2,電的；電力的,The electrical system failed.
emotion,2,情感；激動,She spoke with strong emotion.
emphasize,2,強調,The teacher emphasized the main point.
employ(ment),2,雇用,The company employs many workers.
employee,2,雇員,The employee asked for a raise.
employer,2,雇主,My employer is very kind.
empty,2,空的,The bottle is empty.
encourage(ment),2,鼓勵,My parents encourage me to study.
ending,2,結局；結尾,The movie has a happy ending.
enemy,2,敵人,The army attacked the enemy.
energy,2,活力,Children have a lot of energy.
engine,2,發動機；引擎,The engine would not start.
entire,2,全部的,She read the entire book.
entrance,2,入口；進入,Wait at the main entrance.
environment,2,環境；圍繞,We must protect the environment.
environmental,2,環境的,Environmental problems are serious.
equal,2,相等的,Everyone is equal before the law.
escape,2,逃跑；逃避,The prisoner tried to escape.
especially,2,尤其；特別,"I love fruit, especially mangoes."
essay,2,散文；論說文,I wrote an essay about my hometown.
eve,2,前夕,We met on New Year's Eve.
event,2,事件,The event was a great success.
evil,2,邪惡的,He has an evil plan.
exact,2,精確的,Tell me the exact time.
examination/exam,2,考試,The final exam is next week.
examine,2,檢查；調查,The doctor examined the patient.
excite(ment),2,使興奮,The news excited everyone.
excuse,2,藉口；原諒,That is not a good excuse.
exist,2,存在；生存,Do ghosts really exist?
existence,2,存在,The existence of aliens is unproven.
exit,2,出口,The exit is on the left.
expense,2,費用；花費,Travel expenses are high.
expert,2,熟練的；專家,She is an expert in math.
express,2,表達,Words cannot express my thanks.
expression,2,表情；表示,He had a happy expression.
extra,2,額外的,We need an extra chair.
eyebrow/brow,2,眉毛,He raised one eyebrow.
factor,2,因素；代理人,Cost is an important factor.
failure,2,失敗,Failure is part of learning.
fair,2,公平的,The game was fair.
fashion,2,時尚；風氣,She follows the latest fashion.
fate,2,命運,He believed it was fate.
fault,2,缺點；錯誤,It was my fault.
favor,2,贊同；偏袒,Can you do me a favor?
favorite,2,特別喜愛的,Blue is my favorite color.
fear,2,害怕,She has a fear of heights.
feature,2,特徵,The main feature is its size.
fee,2,酬金；服務費,The entrance fee is ten dollars.
feeling,2,感覺；感受,I have a good feeling about this.
fellow,2,同伴的；伙伴,He is a friendly fellow.
female,2,女的；雌性的,A female doctor treated me.
fever,2,發燒；狂熱,The child has a high fever.
field,2,原野；欄位,The farmer worked in the field.
figure,2,數字；身材；認為,She has a slim figure.
final,2,最後的,This is your final chance.
fireman/firewoman,2,消防員,The fireman saved the child.
firm,2,堅決的；使穩固,She was firm in her decision.
fisherman,2,漁民；漁夫,The fisherman caught a big fish.
fit,2,適合的,These shoes fit me well.
fix,2,修理；校準,Can you fix my bike?
flag,2,旗子,The flag is red and white.
flat,2,平坦的,The land is flat here.
flight,2,班機；飛行,Our flight was delayed.
flow,2,漲潮；流動,The river flows to the sea.
flu,2,流行性感冒,He is sick with the flu.
focus,2,焦點；集中,Please focus on your work.
fog,2,霧氣；以霧籠罩,The fog made driving difficult.
folk,2,某一民族或社會階層中的)廣大成員,I like folk music.
following,2,接著的,The following day was sunny.
foolish,2,愚蠢的,It was a foolish mistake.
football,2,美式足球,They watched a football game.
force,2,強迫；力量,Do not force him to go.
forest,2,森林,The forest is full of trees.
forgive,2,原諒,Please forgive me.
form,2,形狀；構成,Water can take the form of ice.
formal,2,正式的,He wore formal clothes.
former,2,先前的；從前的,The former president visited us.
forth,2,向前,He went forth with courage.
forward,2,向前；今後,Move forward slowly.
forward/forwards,2,向前；今後,She stepped forwards.
found,2,創立,They founded the school in 1950.
fox,2,狐狸,A fox ran into the woods.
freedom,2,自由；獨立自主,Freedom is precious.
friendship,2,友誼,Our friendship is strong.
fries,2,薯條,He ordered a burger and fries.
fry,2,油炸,Fry the eggs in oil.
function,2,功能；運行,The function of the heart is to pump blood.
furniture,2,傢俱,We bought new furniture.
further,2,進一步的,We need further discussion.
gain,2,獲得；獲利,She gained valuable experience.
garbage,2,垃圾；廢物,Please take out the garbage.
gardener,2,園丁；花匠,The gardener watered the plants.
garlic,2,大蒜,Add some garlic to the soup.
gather,2,收集；聚集,The family gathered for dinner.
general,2,一般的；普遍的,This is a general rule.
generous,2,慷慨的,He is generous with his money.
gentle,2,有教養的,Be gentle with the baby.
gentleman,2,紳士,He acted like a gentleman.
giraffe,2,長頸鹿,The giraffe has a long neck.
glue,2,膠水；黏牢,Use glue to fix the paper.
goal,2,目標,My goal is to learn English.
goat,2,山羊,The goat ate the grass.
gold,2,黃金(色),The ring is made of gold.
golden,2,金色的；貴重的,The sky turned golden.
goose,2,鵝；傻瓜,A goose flew over the lake.
govern,2,統治；治理,The king governed the country.
government,2,政府；政體,The government built a new road.
gradual,2,逐步的；平緩的,There was a gradual change.
grain,2,穀粒；穀物,Rice is an important grain.
gram,2,重量單位)克,Add ten grams of sugar.
grand,2,雄偉的；重大的,The palace is grand.
grape,2,葡萄,She ate a bunch of grapes.
greet,2,問候,He greeted me with a smile.
growth,2,生長；發育,The plant showed strong growth.
guard,2,保衛；守衛,The guard stood at the gate.
guava,2,芭樂,Guava is a common fruit in Taiwan.
guest,2,客人,We have a guest for dinner.
guide,2,導遊；指南；引導,The guide showed us the city.
gun,2,槍；砲,The police officer carried a gun.
gymnasium/gym,2,體育館,We played basketball in the gym.
haircut,2,理髮,He needs a haircut.
hall,2,大廳；走廊,The meeting was in the main hall.
hamburger/burger,2,漢堡,I ate a hamburger for lunch.
handle,2,柄；把手,Hold the handle carefully.
handsome,2,英俊的,He is a handsome young man.
hardly,2,幾乎不,I hardly know him.
heaven,2,天國；極樂之地,This place feels like heaven.
hero/heroine,2,英雄；女英雄,The pilot was a hero.
highly,2,非常；高度地,She is highly respected.
highway,2,公路,We drove on the highway.
hike,2,健行,We went for a hike in the mountains.
hip,2,臀部,She hurt her hip.
hippopotamus/hippo,2,河馬,The hippo stayed in the water.
historical,2,歷史的’,We visited a historical site.
hole,2,孔；漏洞,There is a hole in my sock.
hop,2,跳過；跳躍,The rabbit hopped across the grass.
host/hostess,2,主人,The host welcomed the guests.
huge,2,龐大的,They live in a huge house.
human,2,人類的,Human kindness is powerful.
humble,2,謙恭的,He is humble about his success.
hunt,2,追捕；打獵,They hunt deer in winter.
hunter,2,獵人,The hunter walked through the forest.
hurry,2,急忙,Hurry up or we will be late.
ideal,2,理想(的),This is an ideal place to rest.
identity,2,身分；同一性,He hid his identity.
ignore,2,不顧；忽視,Do not ignore the warning.
ill,2,生病的,She is ill and cannot come.
image,2,影像；形像,The image was clear.
imagine,2,想像,Imagine a world without war.
importance,2,重要性,Do not forget the importance of sleep.
impressive,2,令人印象深刻的,Her speech was impressive.
improve(ment),2,改善,Your English is improving.
include,2,包括,The price includes breakfast.
income,2,收入,His income is enough for the family.
increase,2,增加,Prices continue to increase.
indeed,2,的確,It was indeed a good movie.
independence,2,獨立,The country gained independence.
independent,2,獨立的,She is an independent woman.
indicate,2,指示；象徵,The sign indicates danger.
individual,2,個別的；個人,Each individual has a role.
industry,2,工業,The car industry is important.
influence,2,影響力；作用,Teachers have great influence.
ink,2,墨水；塗墨水於…,The pen ran out of ink.
insist,2,堅持,She insists on paying.
instance,2,例子,"For instance, I like tea."
instant,2,立刻的,The reply was instant.
instead,2,反而,I drank tea instead of coffee.
instruction,2,教導；指示,Read the instructions first.
instrument,2,儀器；樂器,The violin is a musical instrument.
internal,2,內部的,The internal problem is serious.
international,2,國際的,This is an international event.
Internet/internet,2,網際網路,I found the answer on the Internet.
introduce,2,介紹；提出,Let me introduce my friend.
introduction,2,介紹；引言,The book has a short introduction.
iron,2,鐵；熨斗,The gate is made of iron.
jam,2,果醬；堵塞,She spread jam on the bread.
jog,2,輕搖；慢跑,I jog in the park every morning.
joint,2,共同的；關節,They made a joint decision.
journal,2,雜誌；期刊,He writes for a medical journal.
judge,2,法官,The judge listened carefully.
judgment/judgement,2,判斷；判斷力,Trust your own judgment.
justice,2,公平；正義,We all want justice.
keeper,2,看守者；保管人,The zookeeper fed the animals.
ketchup,2,調味蕃茄醬,He put ketchup on his fries.
kilogram,2,公斤,He bought a kilogram of rice.
lack,2,缺少,The plant died from lack of water.
lady,2,女士,The lady smiled at me.
ladybug,2,瓢蟲,A ladybug landed on her hand.
lamb,2,小羊,The lamb stayed near its mother.
lane,2,小路；巷弄,They live on a quiet lane.
lantern,2,燈籠；街燈,The lantern glowed in the dark.
lap,2,膝部,The cat sat on her lap.
latest,2,最近；最遲,This is the latest news.
latter,2,後面的；後半的,The latter part was better.
law,2,法律,Everyone must obey the law.
lay,2,放；安排；下蛋,Lay the book on the table.
leadership,2,指揮；統率力,Good leadership is important.
leaf,2,葉子；一張或一頁,A leaf fell from the tree.
legal,2,法律上的；合法的,It is legal to park here.
lend,2,把…借給,Can you lend me a pen?
length,2,長度；期間,What is the length of the room?
lens,2,鏡片；眼球的水晶體,The camera lens is dirty.
liberal,2,心胸寬闊的,He has liberal views.
lid,2,蓋子；眼瞼,Put the lid on the pot.
lift,2,舉起,Can you lift this box?
likely,2,很可能的,It is likely to rain.
limit,2,限制,There is a speed limit.
link,2,連結；環結,This link connects the two pages.
liquid,2,液體,Water is a liquid.
listener,2,聽眾,She is a good listener.
liver,2,肝臟；居住者,The liver is an important organ.
load,2,裝載；負擔,They loaded the truck with boxes.
local,2,地方性的,We shop at the local market.
lone,2,孤獨的；單獨的,A lone tree stood on the hill.
loss,2,喪失；遺失,The loss of his dog made him sad.
lower,2,較低的；降下,Please lower your voice.
luck,2,運氣,Good luck on your exam!
magazine,2,雜誌；期刊,She reads a fashion magazine.
maintain,2,保持,Maintain a healthy lifestyle.
major,2,主要的；主修,This is a major problem.
male,2,男性的；雄的,A male nurse helped him.
manage(ment),2,管理,She manages the team well.
manager,2,經理；管理人,The manager approved my leave.
mango,2,芒果,Mango is sweet and juicy.
manner,2,方法；態度,He spoke in a polite manner.
marriage,2,結婚,Their marriage is happy.
marry,2,娶；嫁,They plan to marry in June.
mask,2,面具,He wore a mask at the party.
mass,2,大量,A mass of people gathered.
master,2,主人；雇主,The dog obeyed its master.
mat,2,墊；草簾,Wipe your shoes on the mat.
match,2,比賽；競賽,We watched a soccer match.
mate,2,同伴,He is my best mate.
material,2,材料,This material is soft.
mature,2,成熟的,She is mature for her age.
meaning,2,意義；重要性,What is the meaning of this word?
means,2,手段；方法,The bus is a cheap means of travel.
measure(ment),2,測量,Measure the table carefully.
medical,2,醫學的,She needs medical help.
melody,2,旋律,The melody is beautiful.
membership,2,會員(資格),My gym membership expires soon.
memory,2,記憶；記憶力,She has a good memory.
mention,2,提及,He mentioned your name.
message,2,消息,I left a message for you.
metal,2,金屬,The box is made of metal.
meter,2,測量儀表；公尺,The room is five meters long.
method,2,方法,This method works well.
midnight,2,午夜,The party ended at midnight.
mile,2,英里,The beach is one mile away.
military,2,軍事的；軍隊,He has a military background.
minor,2,較小的；次要的,It was a minor mistake.
minority,2,少數,Only a minority disagreed.
mirror,2,鏡子；反映,She looked in the mirror.
mix,2,混和,Mix the eggs and milk.
mixture,2,混合物,The mixture smells good.
model,2,模型；模範,He built a model plane.
mood,2,情緒,She is in a good mood.
mop,2,拖把,Use the mop to clean the floor.
motion,2,運動；動機,The motion of the boat made me sick.
motorcycle,2,機車,He rides a motorcycle to work.
mug,2,馬克杯,He drank coffee from a mug.
musical,2,音樂的,She has musical talent.
musician,2,音樂家,The musician played the piano.
nail,2,釘子；指甲,He hit the nail with a hammer.
narrow,2,狹窄的；限制,The street is very narrow.
nation,2,國家；民族,The whole nation celebrated.
natural,2,自然的,This is a natural lake.
naughty,2,頑皮的,The naughty boy hid the toy.
nearby,2,附近的,There is a nearby hospital.
nearly,2,幾乎,We are nearly there.
necessary,2,必需的,Sleep is necessary for health.
necklace,2,項鍊,She wore a gold necklace.
needle,2,針,Thread the needle carefully.
negative,2,否定的,He gave a negative answer.
neighbor,2,鄰居,My neighbor is very friendly.
neither,2,兩者都不,Neither answer is correct.
nephew,2,姪兒；外甥,My nephew is five years old.
nerve,2,神經,The nerve was damaged.
nervous,2,緊張的,She felt nervous before the test.
network,2,網路；人際網絡,The network is very slow.
niece,2,姪女；外甥女,My niece loves to draw.
nod,2,點頭；打瞌睡,He nodded in agreement.
none,2,一點兒也沒,None of the answers were right.
noodle,2,麵條,I ate noodles for lunch.
nor,2,也不,"He is not tall, nor is he strong."
northern,2,北方的,They live in the northern part.
notebook,2,筆記本,She wrote in her notebook.
novel,2,新奇的,That is a novel idea.
nut,2,堅果；瘋子,He ate a handful of nuts.
obey,2,服從；聽從,Dogs obey their owners.
object,2,物體；目標,What is that strange object?
obvious,2,明顯的,It is obvious that he is tired.
occur,2,發生,The accident occurred at noon.
ocean,2,海洋,The ocean is deep and blue.
offer,2,提議；提供,They offered me a job.
official,2,官方的；官員,This is an official document.
operate,2,操作；運轉,He knows how to operate the machine.
operator,2,操作員；接線生,The operator answered the call.
opinion,2,意見；看法,What is your opinion?
ordinary,2,普通的；平常的,It was an ordinary day.
organ,2,器官；風琴,The heart is an organ.
organization,2,組織；團體,She works for a charity organization.
origin,2,起源；由來,The origin of the word is Latin.
owner,2,持有者,The owner of the car is away.
pain,2,疼痛,He felt pain in his back.
painful,2,痛苦的,The injury was very painful.
painting,2,圖畫,The painting hangs on the wall.
pajamas,2,睡衣褲,He wore blue pajamas.
pale,2,臉色蒼白的,You look pale. Are you sick?
pan,2,平底鍋,Heat the oil in a pan.
panda,2,熊貓,The panda eats bamboo.
papaya,2,木瓜,Papaya is a sweet fruit.
pardon,2,原諒,Pardon me for interrupting.
participate,2,參與,Everyone can participate in the game.
particular,2,獨特的,She has a particular way of speaking.
partner,2,伙伴,He is my business partner.
password,2,密碼,Do not share your password.
paste,2,麵團,Mix the flour into a paste.
path,2,小徑,We walked along a narrow path.
patient,2,有耐心的,The doctor is patient with children.
pattern,2,樣式,The cloth has a flower pattern.
peace,2,和平,Everyone hopes for peace.
peaceful,2,和平的,The village is peaceful.
peach,2,桃子,She ate a juicy peach.
peak,2,山頂,We reached the peak at noon.
pear,2,梨,The pear is sweet.
per,2,每,The speed is 60 miles per hour.
perfect,2,完美的,The weather is perfect today.
period,2,一段時問,He lived there for a short period.
personal,2,個人的,This is my personal opinion.
personality,2,個性,She has a warm personality.
phrase,2,片語；用語言表示,Learn this useful phrase.
pillow,2,枕頭,The pillow is soft.
pizza,2,比薩,We ordered a large pizza.
plain,2,簡單的,The dress is plain but pretty.
platform,2,月臺,The train left from platform two.
playground,2,操場,Children played on the playground.
pleasant,2,令人愉快的,We had a pleasant evening.
plus,2,加,Two plus three is five.
poem,2,詩,He wrote a short poem.
poet,2,詩人,The poet read his work aloud.
poetry,2,詩,She enjoys reading poetry.
poison,2,毒藥,The bottle contains poison.
policeman/cop,2,警察,The policeman helped the lost child.
policy,2,政策,The school has a new policy.
pop,2,砰然(聲),The balloon went pop.
population,2,人口,The population is growing.
pork,2,豬肉,We had pork for dinner.
port,2,港,The ship arrived at the port.
pose,2,姿勢,She held a graceful pose.
position,2,位置,Please put it in the right position.
positive,2,確信的；積極的,She has a positive attitude.
possibility,2,可能性,There is a possibility of rain.
post,2,位置；郵局,I will post the letter today.
postcard,2,明信片,She sent me a postcard.
pound,2,磅,He bought a pound of sugar.
powerful,2,強健的,The car has a powerful engine.
praise,2,讚美；稱讚,The teacher praised her work.
pray,2,祈禱,They pray before dinner.
prayer,2,祈禱,She said a quiet prayer.
prefer,2,寧願選擇,I prefer tea to coffee.
president,2,總統；校長,The president gave a speech.
press,2,報刊,The press reported the story.
pressure,2,壓；按,He felt pressure at work.
pride,2,自豪,She felt pride in her son.
priest,2,神父；牧師,The priest led the service.
primary,2,主要的,Our primary goal is safety.
prince/princess,2,王子,The prince rode a white horse.
principal,2,主要的,The principal spoke to the students.
principle,2,原則,Honesty is an important principle.
print,2,印刷；字體,Please print your name clearly.
printer,2,印刷業從業人員,The printer is out of paper.
prison,2,監獄,He spent two years in prison.
prisoner,2,囚犯,The prisoner escaped last night.
private,2,個人的,This is a private conversation.
prize,2,獎品；珍視,She won first prize.
produce,2,生產,The factory produces shoes.
production,2,生產；產量；產品,Production increased last month.
progress,2,前進,You are making good progress.
project,2,項目,We finished the project on time.
promise,2,諾言；許諾,He kept his promise.
proper,2,適合的,Wear proper clothes for the interview.
propose,2,提議,I propose a short break.
protect,2,保護,We must protect the animals.
protective,2,保護的,She is protective of her children.
prove,2,證明,Can you prove your story?
provide,2,提供,The hotel provides free breakfast.
pudding,2,布丁,We had chocolate pudding.
pumpkin,2,南瓜,We made pumpkin soup.
punish(ment),2,處罰,The teacher punished the noisy students.
pupil,2,小學生,The pupil raised his hand.
puppy,2,小狗,The puppy is playful.
purple,2,紫色的,She wore a purple dress.
purpose,2,意圖,What is the purpose of this meeting?
puzzle,2,難題；困惑,The puzzle was hard to solve.
quality,2,質量,This product is of high quality.
quantity,2,數量,We need a large quantity of paper.
quiz,2,問答比賽,We had a short quiz today.
railroad/railway,2,鐵路,The railroad runs along the coast.
raincoat,2,雨衣,Put on your raincoat.
range,2,區域,The price range is wide.
rapid,2,快的,There was rapid growth.
rare,2,珍貴的,This bird is very rare.
rat,2,鼠,A rat ran across the floor.
rather,2,與其不如,I would rather stay home.
reality,2,真實性,The reality was different from the dream.
realize,2,了解,I realize my mistake now.
receive,2,收到,I received your letter.
recent,2,最近的,Recent news is good.
record,2,記錄,Keep a record of your spending.
recover,2,恢復,He is recovering from the flu.
refrigerator/fridge,2,冰箱,Put the milk in the refrigerator.
refuse,2,拒絕,She refused to answer.
regard,2,注目；注意,I regard him as a friend.
region,2,地區,This region is known for tea.
regular,2,整齊的；規律的,He has a regular routine.
reject,2,拒絕；否認,They rejected my offer.
relate,2,敘述,The story relates to his childhood.
relation,2,關係,They have a close relation.
relationship,2,親戚)關係,They have a good relationship.
religion,2,宗教,Religion is important to many people.
remove,2,除去,Please remove your shoes.
rent,2,地租；承租,We rent a small apartment.
repair,2,修理,He repaired the broken chair.
reply,2,答覆,She did not reply to my email.
require(ment),2,需求,This job requires patience.
respect,2,尊敬,We should respect our elders.
respond,2,回答,He responded quickly.
responsible,2,負責的,She is responsible for the project.
restroom,2,廁所,Where is the restroom?
result,2,結果；起因於…”,The result was surprising.
return,2,回復；歸還,Please return the book tomorrow.
review,2,再檢查；複習,I need to review my notes.
riches,2,財富,He cared more about love than riches.
rocky,2,多岩石的,The path is rocky and steep.
role,2,角色,She played an important role.
roof,2,屋頂,The roof is leaking.
rooster,2,公雞,The rooster crowed early.
royal,2,王室的,The royal family visited the city.
rub,2,摩擦,He rubbed his eyes.
rubber,2,橡膠,The tires are made of rubber.
rude,2,不禮貌的,It is rude to interrupt.
runner,2,奔跑的人,The runner won the race.
safety,2,安全性,Safety comes first.
sail,2,船；坐船旅行,We sail every summer.
sailor,2,水手,The sailor tied the rope.
salesperson/salesman/saleswoman,2,銷售員,The salesperson helped us choose.
salty,2,鹹的,The soup is too salty.
sample,2,樣品,They gave us a free sample.
sand,2,沙,The children played in the sand.
sandwich,2,三明治,I made a ham sandwich.
satisfy,2,滿意,The result satisfied everyone.
saw,2,鋸,He cut the wood with a saw.
scare,2,恐嚇,The loud noise scared me.
scared,2,害怕的,She was scared of the dark.
scene,2,場景,The scene was beautiful.
schedule,2,時間表,Check the train schedule.
scooter,2,機車；滑板車,He rides a scooter to school.
score,2,刻痕；作訊號,He scored two goals.
screen,2,屏幕,The screen is too bright.
seafood,2,海鮮,This restaurant serves fresh seafood.
search,2,搜尋,We searched for the lost keys.
secondary,2,次要的,This is a secondary issue.
secret,2,祕密的,Keep this a secret.
section,2,地域,This section of the book is interesting.
seek,2,尋覓,They seek a better life.
seem,2,似乎,You seem tired.
seesaw,2,翹翹板,The children played on the seesaw.
seldom,2,很少；不常,He seldom eats meat.
select,2,挑選,Please select one answer.
selection,2,選擇,The store has a wide selection.
self,2,本身,You must believe in yourself.
selfish,2,自私的,Do not be so selfish.
sense,2,感官；覺得,I sense that something is wrong.
sensitive,2,敏感的,She is sensitive to criticism.
separate,2,分開的,They sleep in separate rooms.
servant,2,僕人,The servant opened the door.
serve,2,侍候,They serve breakfast at seven.
settle(ment),2,決定,They settled the dispute.
sex,2,性(別),Please state your sex.
shame,2,恥辱,It is a shame that you cannot come.
shark,2,鯊魚,A shark swam near the boat.
sheet,2,床單；一張（紙）,Give me a sheet of paper.
shelf,2,架子,Put the books on the shelf.
shell,2,外觀；外表,The turtle hid in its shell.
shine,2,光亮,The sun shines brightly.
shock,2,震驚,The news was a shock.
shoot,2,發射,Do not shoot the birds.
shopkeeper,2,店主,The shopkeeper greeted us warmly.
shore,2,岸；濱,We walked along the shore.
shot,2,射擊,He took a shot at the target.
shut,2,關上,Please shut the door.
shy,2,羞怯的,The shy girl spoke softly.
sidewalk,2,人行道,Walk on the sidewalk.
silence,2,寂靜,There was complete silence.
silent,2,寂靜的,The room was silent.
silly,2,愚蠢的,That was a silly joke.
silver,2,銀製的；銀,She wore a silver ring.
similar,2,相似的,Our ideas are similar.
simply,2,僅僅；簡單地,I simply cannot believe it.
single,2,單一的,He is still single.
skill,2,技巧,Cooking is a useful skill.
skilled,2,熟練的；有技術的,She is a skilled worker.
skin,2,皮膚；剝…的皮,Protect your skin from the sun.
sleepy,2,想睡的,The warm room made me sleepy.
slide,2,打滑,The car slid on the ice.
slip,2,滑倒,Be careful not to slip.
slipper(s),2,拖鞋,She wore slippers at home.
smooth,2,光滑的,The table is smooth.
snack,2,點心,I had a quick snack.
snail,2,牛,The snail moved slowly.
snowy,2,多雪的,It was a snowy morning.
soap,2,肥皂,Wash your hands with soap.
soccer,2,足球,They play soccer after school.
social,2,社會的,Social media is popular.
society,2,社會,Society is changing fast.
sock(s),2,短襪,He wore white socks.
soda,2,蘇打水,She drank a glass of soda.
soft,2,柔軟的,The pillow is very soft.
soil,2,土壤；弄髒,The soil is good for farming.
solution,2,解決方法,We found a good solution.
solve,2,解答,Can you solve this problem?
somewhat,2,有點,I am somewhat tired.
sort,2,種類；把·分類,What sort of music do you like?
soul,2,靈魂,He has a kind soul.
sour,2,酸的,The lemon is sour.
source,2,來源,The sun is a source of energy.
southern,2,南方的,They live in the southern area.
soybean,2,大豆,Soybeans are used to make tofu.
speaker,2,演講者,The speaker gave a short talk.
speech,2,演講,He gave a speech at school.
speed,2,速度；急行,The car increased its speed.
spelling,2,拼寫能力,Check your spelling.
spider,2,蜘蛛,A spider made a web.
spirit,2,精神；心靈,She has a strong spirit.
spoon,2,匙；用匙舀,Use a spoon to eat soup.
sport,2,運動,My favorite sport is tennis.
spot,2,地點；斑點；發現,This is a quiet spot.
spread,2,擴展,The news spread quickly.
stage,2,舞臺；上演,She stood on the stage.
stamp,2,郵票；跺腳,He put a stamp on the letter.
standard,2,標準,This is the standard size.
state(ment),2,狀態,Please state your name.
steak,2,牛排,We had steak for dinner.
steel,2,鋼鐵,The bridge is made of steel.
step,2,腳步；走,Take one step forward.
stick,2,刺入,The needle stuck in the cloth.
stomachache,2,胃痛,He has a stomachache.
stone,2,石頭,He threw a stone into the river.
storm,2,暴風雨；猛烈攻擊,The storm damaged the roof.
stranger,2,陌生人,Do not talk to strangers.
strawberry,2,草莓,She likes strawberry ice cream.
stream,2,小河,A small stream runs through the woods.
stress,2,壓力,He is under a lot of stress.
stretch,2,伸展,Stretch your arms and legs.
strict,2,嚴格的,My father is strict.
strike,2,罷工；猛然攻擊,The workers went on strike.
struggle,2,掙扎；努力,They struggle to make ends meet.
style,2,風格,I like her writing style.
subway/underground/metro,2,地鐵,We took the subway downtown.
succeed,2,達成,She succeeded in passing the exam.
success,2,成功,Hard work leads to success.
such,2,如此的,I have never seen such a big fish.
sudden,2,突然的,There was a sudden change.
suggest,2,建議,I suggest we leave early.
suit,2,一套衣服,He wore a dark suit.
suitable,2,合適的,This movie is suitable for children.
super,2,極好的,The party was super fun.
supper,2,晚餐,We had supper at six.
supply,2,供應,The store supplies fresh food.
support,2,支持,My family supports my decision.
suppose,2,猜想,I suppose you are right.
surf,2,衝浪；瀏覽（網路）,He likes to surf the Internet.
surface,2,表面,The surface is smooth.
survival,2,殘存,Water is essential for survival.
survive,2,悻存,Only one person survived the crash.
swallow,2,燕子,A swallow flew over the field.
sweater,2,毛線衫,Put on a warm sweater.
sweep,2,清掃；打掃,She swept the floor.
swim,2,游泳,I can swim very well.
swimsuit,2,泳裝,She bought a new swimsuit.
swing,2,鞦韆；搖擺,The child played on the swing.
switch,2,開關；轉變,Turn off the light switch.
symbol,2,象徵,The heart is a symbol of love.
system,2,系統,The computer system is down.
tale,2,故事,She told a funny tale.
target,2,靶子；對·瞄準,He hit the target.
task,2,任務,This task is difficult.
tax,2,稅；對…微稅,The government raised the tax.
teapot,2,茶壺,The teapot is on the table.
tear,2,眼淚,A tear ran down her face.
technology,2,工業技術；(一門)科技,Technology changes quickly.
teens,2,十幾歲的青少年時期,She started singing in her teens.
temperature,2,溫度,The temperature is dropping.
term,2,學期；術語；用語,The new term begins in September.
terrorism,2,恐怖主義,The world must fight terrorism.
terrorist,2,恐怖分子的,The terrorist was caught.
text,2,本文,Read the text carefully.
textbook,2,教科書,Open your textbook to page ten.
therefore,2,因此,"It was raining, therefore we stayed home."
thief,2,小偷,The thief stole a wallet.
thirsty,2,口渴的,I am very thirsty.
thought,2,思想,She was lost in thought.
throughout,2,遍及,The festival lasted throughout the week.
thunder,2,雷聲；打雷,The thunder scared the dog.
thus,2,這樣,He studied hard and thus passed.
till,2,直到,Wait till I come back.
tiny,2,非常小的,The baby has tiny hands.
tire,2,輪胎,The tire is flat.
tissue,2,組織,She wiped her nose with a tissue.
title,2,標題,The title is interesting.
toast,2,吐司；烤；烘,I ate toast for breakfast.
tofu,2,豆腐,She cooked tofu with vegetables.
tone,2,音調,His tone was friendly.
tongue,2,舌(頭),She burned her tongue.
toothache,2,牙痛,I have a bad toothache.
toothbrush,2,牙刷,I need a new toothbrush.
tour,2,旅遊,We took a tour of the city.
toward/towards,2,向,He walked toward the door.
track,2,軌道；追蹤,The train left the track.
trade,2,貿易,Trade between the countries grew.
tradition,2,傳統,It is a family tradition.
traditional,2,傳統的,She wore traditional clothes.
trap,2,陷阱；使困住,The mouse was caught in a trap.
trash,2,垃圾；丟棄,Please take out the trash.
travel,2,旅行,I love to travel abroad.
treasure,2,金銀財寶；珍惜,The pirates hid the treasure.
trial,2,審判,The trial lasted three days.
triangle,2,三角形,Draw a triangle on the paper.
trick,2,詭計；欺騙,It was a clever trick.
trust,2,信任,I trust you completely.
truth,2,事實,Tell me the truth.
tube,2,管子,The water flows through a tube.
turtle,2,海)龜,The turtle swam slowly.
typhoon,2,颱風,The typhoon caused heavy rain.
typical,2,典型的,This is a typical example.
ugly,2,醜陋的,The building is ugly.
umbrella,2,雨傘,Take an umbrella with you.
unit,2,單位,A meter is a unit of length.
universe,2,宇宙,The universe is vast.
university,2,大學,She studies at a university.
unless,2,除非,We will go unless it rains.
upload,2,上傳,I will upload the photos.
upon,2,在……之上,"Once upon a time, there was a king."
upper,2,較高的,Her office is on the upper floor.
upset,2,心煩的；使生氣,The news upset her.
upstairs,2,在樓上,He is upstairs in his room.
used,2,舊的,I bought a used car.
user,2,使用者,The user must agree to the rules.
usual,2,通常的,I took my usual route.
vacation,2,假期,We went to Japan on vacation.
valley,2,山谷,The valley is green and quiet.
valuable,2,珍貴的,This is a valuable painting.
value,2,價值；估價,The value of the house rose.
victory,2,勝利,The team celebrated its victory.
view,2,景色；看,The view from the hill is beautiful.
village,2,村莊,He grew up in a small village.
vote,2,投票,Please vote in the election.
waist,2,腰,He hurt his waist.
waiter/waitress,2,侍者,The waiter brought the menu.
wallet,2,皮夾子,He lost his wallet.
war,2,戰爭,The war ended in 1945.
wash,2,洗滌,Wash your hands before eating.
waste,2,浪費,Do not waste water.
watermelon,2,西瓜,Watermelon is a summer fruit.
wealth,2,財富,He gained great wealth.
wedding,2,婚禮,Their wedding was in June.
weekday,2,工作日,The store is open on weekdays.
weigh,2,稱…的重量,Please weigh the apples.
weight,2,重量,What is your weight?
western,2,西方世界,Western food is popular here.
whale,2,鯨,The whale is a huge animal.
whatever,2,任何的；無論什麼,Do whatever you like.
wheel,2,輪子；旋轉,The wheel is broken.
whenever,2,無論什麼時候；每當,Call me whenever you need help.
wherever,2,無論到哪裡,He follows her wherever she goes.
whisper,2,低語,She spoke in a whisper.
whoever,2,無論是誰,Whoever comes first wins.
whole,2,全部的,He ate the whole cake.
whom,2,誰,To whom should I give this?
width,2,寬度,What is the width of the table?
wild,2,野生的,Wild animals live in the forest.
willing,2,願意的,She is willing to help.
windy,2,多風的,It is windy today.
wine,2,葡萄酒,They drank red wine.
wing,2,翅膀；飛行,The bird hurt its wing.
wire,2,金屬線,The wire is made of copper.
within,2,在…之內,Please reply within three days.
wolf,2,狼,A wolf howled in the night.
wonder,2,想要知道,I wonder why he left.
wood(s),2,樹林,We walked through the woods.
wooden,2,木製的,The chair is wooden.
wool,2,羊毛,This sweater is made of wool.
workbook,2,作業簿；練習本,Open your workbook to page five.
worm,2,蟲,The bird caught a worm.
worse,2,更壞的,The weather is worse today.
worst,2,最差的；最差地,That was the worst movie.
worth,2,價值,This book is worth reading.
wound,2,傷口；使受傷,The wound healed slowly.
yam,2,山藥；番薯,She cooked yam soup.
youth,2,青春,He enjoyed his youth.
zebra,2,斑馬,The zebra has black and white stripes.
aboard,3,在(船、飛機、車)上,All passengers are now aboard the ship.
acceptable,3,可以接受的,Your explanation is acceptable to everyone.
accurate,3,準確的,The clock is very accurate.
ache,3,疼痛,My legs ache after the long walk.
achieve(ment),3,完成；達到,She worked hard to achieve her goal.
additional,3,附加的,We need additional chairs for the guests.
admire,3,欽佩；欣賞,I admire her courage and honesty.
advanced,3,先進的；高等的,This is a very advanced computer system.
advantage,3,有利條件；優勢,Speaking two languages is a great advantage.
adventure,3,冒險,They went on an exciting adventure in the mountains.
advertise(ment)/ad,3,為…做廣告,The company will advertise its new product on TV.
advise,3,勸告；忠告；通知,I advise you to see a doctor.
adviser/advisor,3,顧問,She works as a financial adviser.
afford,3,類得起；承擔得起,We cannot afford a new car this year.
afterward/afterwards,3,以後,We had dinner and went for a walk afterward.
agriculture,3,農業,Agriculture is important to the local economy.
airline,3,航線；航空公司,The airline lost my luggage.
alley,3,小巷子；小徑,The cat ran into a narrow alley.
almond,3,杏仁,She added almonds to the salad.
alphabet,3,字母系統,Children learn the alphabet in school.
amaze(ment),3,使驚愕,The magician's trick amazed the audience.
ambassador,3,大使；使節,The ambassador met with the president.
ambition,3,抱負；志向,Her ambition is to become a doctor.
ambulance,3,救護車,The ambulance arrived in five minutes.
angel,3,天使,She looks like an angel in that dress.
announce(ment),3,宣布,The school will announce the winners tomorrow.
anxious,3,焦慮的,She felt anxious about the exam.
anyhow,3,無論如何,It was raining but we went out anyhow.
apart,3,分開的,The two houses are far apart.
apologize,3,道歉,He apologized for being late.
appeal,3,吸引；呼籲,The charity made an appeal for donations.
approve,3,同意；認可,My parents approve of my decision.
apron,3,圍裙；工作裙,She wore an apron while cooking.
armed,3,武裝的,The armed police surrounded the building.
arrest,3,逮捕；拘留,The police arrested the thief last night.
ash,3,灰燼；骨灰,The volcano covered the town with ash.
aside,3,在旁邊；除…之外,He stepped aside to let her pass.
assist,3,協助,The nurse assisted the doctor during surgery.
assistant,3,助理,The assistant answered the phone.
assume,3,假定；假裝,I assume you have finished your homework.
athlete,3,運動員,The athlete won a gold medal.
attitude,3,態度,His attitude toward work has changed.
attract,3,吸引；引誘,The flower attracts many bees.
attractive,3,有吸引力的,She is an attractive young woman.
audience,3,觀眾；聽眾,The audience clapped loudly.
automatic,3,自動的,The door is automatic and opens by itself.
automobile/auto,3,汽車,He bought a new automobile last week.
avenue,3,大道,They walked down a wide avenue.
awake,3,清醒的；喚醒,I was awake all night.
awaken,3,意識到；使覺醒,The noise awakened the baby.
award,3,授予；獎品,She received an award for her bravery.
aware,3,察覺到的；知道的,He was aware of the risk.
awful,3,糟透的,The weather was awful yesterday.
awkward,3,笨拙的；棘手的,He felt awkward at the party.
background,3,背景,She has a background in law.
bacon,3,燻豬肉；培根肉,He cooked bacon and eggs for breakfast.
bacteria,3,細菌,Some bacteria are good for your health.
badly,3,嚴重地；差勁地,He was badly hurt.
baggage,3,行李；裝備,Please keep your baggage with you.
bait,3,誘餌；引誘,He used worms as bait for fishing.
bamboo,3,竹子,Pandas eat bamboo every day.
bang,3,巨響；猛撞,The door closed with a bang.
banker,3,銀行家,The banker approved the loan.
bare,3,裸的；不加掩飾的,The trees were bare in winter.
barely,3,勉強地；露骨地,She barely passed the test.
barn,3,穀倉,The farmer stored hay in the barn.
barrel,3,大桶,They stored oil in a large barrel.
basement,3,地下室,We keep old boxes in the basement.
bay,3,海灣,The boat sailed into a quiet bay.
bead,3,串珠,She wore a necklace of beads.
beam,3,樑；光束,A beam of light came through the window.
beast,3,野獸,The lion is a wild beast.
beetle,3,甲蟲,A beetle crawled on the leaf.
beneath,3,在…下面,The cat hid beneath the table.
benefit,3,利益；有益於,Exercise benefits your health.
berry,3,果,She picked a ripe berry from the bush.
besides,3,除此之外,Besides English she also speaks French.
bet,3,打賭,I bet you cannot finish it today.
bind,3,捆；綁,They bind the books with strong string.
bitter,3,有苦味的；痛苦的,The medicine tasted bitter.
bleed,3,流血,His nose began to bleed.
bless,3,為…祝福,The priest blessed the new house.
bloody,3,血腥的,The scene of the accident was bloody.
blouse,3,女用襯衫,She wore a white blouse.
bold,3,英勇的；大膽的,It was a bold decision to quit his job.
bomb,3,炸彈；轟炸,The bomb exploded in an empty field.
bookcase,3,書架；書櫥,He put the books on the bookcase.
boot,3,長筒)靴,She wore a pair of black boots.
bore,3,使厭煩,The long speech bored the students.
bowling,3,保齡球,We go bowling every Friday night.
brake,3,煞車,He hit the brake to avoid the dog.
brass,3,黃銅,The door handle is made of brass.
bravery,3,勇敢；勇氣,The firefighter showed great bravery.
breast,3,胸部,The bird has a red breast.
breath,3,呼吸,Take a deep breath and relax.
breathe,3,呼吸,It is hard to breathe in this thick smoke.
breeze,3,微風；和風,A cool breeze blew through the window.
brick,3,磚,The house is made of red brick.
bride,3,新娘子,The bride looked beautiful in her white dress.
broadcast,3,廣播；播放,The match will be broadcast live.
brunch,3,早午餐,We had brunch at noon.
bubble,3,氣泡；泡影,Children love to blow bubbles.
bucket,3,水桶；桶狀物,He filled the bucket with water.
bud,3,芽；發芽,The flower bud will open soon.
budget,3,預算,We must stay within our budget.
buffalo,3,水牛,A buffalo is a large wild animal.
buffet,3,自助餐；快餐,We had lunch at a buffet restaurant.
bulb,3,球莖(根),She planted tulip bulbs in the garden.
bull,3,未閹割的) 公牛,The bull ran across the field.
bullet,3,子彈,The bullet missed him by inches.
bump,3,碰；重擊,I bumped my head on the door.
bunch,3,一束；一群,He gave her a bunch of flowers.
bundle,3,捆；包裹,She carried a bundle of clothes.
bury,3,埋,The dog buried its bone in the garden.
bush,3,灌木叢,A small bird hid in the bush.
buzz,3,嗡嗡聲；嗡嗡叫,The bee buzzed around the flower.
cabin,3,客艙,We stayed in a wooden cabin near the lake.
cable,3,電纜；有線電視,The cable provides internet and TV.
cafeteria,3,自助餐館,We ate lunch in the school cafeteria.
campus,3,大學的) 校園,The university campus is very large.
canyon,3,峽谷,The canyon is deep and wide.
capable,3,有能力的,She is capable of doing the job alone.
captain,3,隊長；船(艦)長,The captain led the team to victory.
capture,3,捕獲；獲物,The police captured the escaped prisoner.
career,3,職業,She has a successful career in music.
carpenter,3,木匠,The carpenter built a wooden table.
carpet,3,地毯,They put a soft carpet on the floor.
carriage,3,四輪馬車；運輸,The carriage was pulled by two horses.
cart,3,貨車；載運,He pushed the cart through the store.
cast,3,投；演員陣容,The play has a strong cast.
casual,3,偶然的；碰巧的,He wore casual clothes to the party.
cattle,3,牛；牲口,The farmer keeps cattle on his land.
cave,3,洞穴,They explored a dark cave.
champion,3,優勝者；戰士,She became the world champion.
charm,3,魅力；使陶醉,His charm made him popular.
chat,3,聊天,We had a nice chat over coffee.
cheek,3,臉頰,The baby has soft cheeks.
cheerful,3,興高采烈的,She is always cheerful and friendly.
cherry,3,櫻桃,The cherry trees are full of fruit.
chest,3,胸膛；箱子,He put the treasure in a wooden chest.
chill,3,使)變冷；寒冷的,There is a chill in the air tonight.
chilly,3,冷颼颼的,It was chilly outside this morning.
chimney,3,煙囪,Smoke came out of the chimney.
chin,3,下巴,He rested his chin on his hand.
chip,3,晶片；削,This computer has a fast chip.
chop,3,劈；肋排肉,He used an axe to chop wood.
cigarette,3,香煙；煙捲,He put out his cigarette.
cinema,3,電影院,We went to the cinema.
circus,3,馬戲團,The children loved the circus.
citizen,3,公民,He is a citizen of Taiwan.
civil,3,公民的；民間的,They fought for civil rights.
clay,3,黏土；泥土,She made a bowl from clay.
cleaner,3,清潔工(劑),The cleaner comes every Monday.
client,3,客戶,The lawyer met with his client.
clinic,3,診所,She went to the clinic for a checkup.
clip,3,修剪；夾住,He used a clip to hold the papers.
closet,3,壁櫥；衣櫥,Hang your coat in the closet.
clothe,3,為…穿衣,They clothe the poor children.
clown,3,小丑,The clown made everyone laugh.
clue,3,線索,The police found an important clue.
coach,3,教練員；公車,The coach trained the team hard.
cock,3,公雞,The cock crowed at dawn.
cocktail,3,雞尾酒,She ordered a fruit cocktail.
coconut,3,椰子,The coconut fell from the tree.
collar,3,衣領；項圈,The dog wore a red collar.
collection,3,收藏品；收集,He has a large stamp collection.
colony,3,殖民地,The island was once a British colony.
colorful,3,多采多姿的,The garden is full of colorful flowers.
column,3,欄；圓柱,The temple has tall stone columns.
comfort,3,安慰；舒適,She comforted the crying child.
comma,3,逗號,Use a comma between items.
committee,3,委員會,The committee will meet tomorrow.
communicate,3,溝通,We communicate by email.
comparison,3,比較；對照,There is no comparison between the two.
compete,3,競爭；比賽,She will compete in the race.
complain,3,抱怨,He complained about the poor service.
complaint,3,抱怨,The customer made a complaint.
concert,3,演奏會；音樂會,We went to a rock concert.
conclusion,3,結論；推論,What is your conclusion?
cone,3,圓錐體；甜筒,He bought an ice cream cone.
confirm,3,詮實,Please confirm your reservation.
confuse,3,把…弄糊塗；攪亂,The instructions confused me.
connect,3,連結,Connect the printer to the computer.
conscious,3,神智清醒的,He was conscious after the accident.
considerable,3,值得考慮的,She has considerable experience.
constant,3,固定的,The machine makes a constant noise.
continent,3,大陸；大洲,Africa is a large continent.
controller,3,控制者,The air traffic controller guided the plane.
cooker,3,炊具,She bought a new rice cooker.
costly,3,貴重的；代價高的,The mistake was very costly.
cotton,3,棉,This shirt is made of cotton.
cough,3,咳嗽,He has a bad cough.
countable,3,可數的,Apple is a countable noun.
county,3,郡；縣,He lives in a small county.
crab,3,蟹,We caught a crab at the beach.
cradle,3,搖籃；撫育,The baby slept in a cradle.
crane,3,起重機；鶴,The crane lifted the heavy box.
crash,3,墜毀；撞擊,The car crash injured two people.
crawl,3,爬行；蠕動,The baby began to crawl.
creative,3,有創造力的,She is a creative artist.
creator,3,創作者,The creator of the game is very young.
creature,3,生物,The forest is full of small creatures.
credit,3,信用；賒帳,He bought the car on credit.
crew,3,一群)工作人員,The crew worked all night.
cricket,3,蟋蟀,We heard crickets in the garden.
criminal,3,犯罪的；罪犯,The criminal was sent to prison.
crispy,3,酥脆的,The fried chicken is crispy.
crop,3,作物,The farmers harvested their crops.
crown,3,王冠；為…加冕,The king wore a golden crown.
cruel,3,殘酷的,It is cruel to hurt animals.
cupboard,3,碗櫃,The plates are in the cupboard.
dairy,3,乳品店,We buy milk at the dairy.
dam,3,水壩；築壩於…,The dam controls the river.
dare,3,敢於…；膽敢,I dare you to jump into the pool.
darling,3,親愛的,Good night my darling.
dash,3,猛衝,He made a dash for the bus.
database,3,資料庫,The database stores all the records.
dawn,3,黎明；破曉,We left at dawn.
dealer,3,經銷商,He is a car dealer.
decade,3,十年,They have been friends for a decade.
deck,3,甲板,The sailors stood on the deck.
decorate,3,裝飾,We decorate the tree at Christmas.
decrease,3,減少,The number of students decreased.
deed,3,行為；功績,It was a good deed to help her.
deepen,3,加深,The river begins to deepen here.
definition,3,定義,Look up the definition of this word.
democracy,3,民主,Democracy gives people a voice.
democratic,3,民主的,They held a democratic election.
deposit,3,存款；押金；放置,He made a deposit at the bank.
designer,3,設計師,She is a fashion designer.
desirable,3,令人嚮往的,The house is in a desirable area.
desire,3,慾望,He has a strong desire to succeed.
dessert,3,甜點；餐後點心,We had ice cream for dessert.
destroy,3,摧毀,The fire destroyed the old house.
detect,3,偵測；發現,The machine can detect smoke.
determine,3,決定；堅決,She determined to finish the race.
devil,3,魔鬼,The devil is often shown with horns.
dim,3,朦朧的,The room was dim and quiet.
dime,3,一角硬幣,He gave me a dime.
dine,3,用餐,We dined at a fine restaurant.
dinosaur,3,恐龍,The museum has a huge dinosaur skeleton.
dip,3,浸；泡,She dipped her hand in the water.
dirt,3,污物；泥土,His shoes were covered with dirt.
discount,3,折扣,We got a ten percent discount.
dishonest,3,不誠實的,It is dishonest to lie.
disk/disc,3,圓盤；磁碟片,Save the file on a disk.
dislike,3,不喜歡,I dislike cold weather.
ditch,3,水道；渠道,The car ran off the road into a ditch.
dive,3,跳水；潛水,He dived into the pool.
dizzy,3,頭暈目眩的,The heat made her feel dizzy.
dock,3,碼頭,The ship arrived at the dock.
dolphin,3,海豚,We saw a dolphin in the sea.
donkey,3,驢,The donkey carried the heavy bags.
dose,3,藥物等的)一劑,Take one dose of this medicine.
doubtful,3,令人懷疑的,It is doubtful that he will come.
doughnut,3,甜甜圈,She bought a chocolate doughnut.
downtown,3,在城市的商業區；鬧區,We went downtown to shop.
drag,3,拖曳,He dragged the heavy box across the floor.
dragonfly,3,蜻蜓,A dragonfly landed on the leaf.
drain,3,排水,The water slowly drained from the sink.
dramatic,3,戲劇性的,There was a dramatic change in the weather.
drip,3,滴落,The water dripped from the tap.
drown,3,把…淹死；淹沒,He nearly drowned in the river.
drugstore,3,雜貨店,She bought medicine at the drugstore.
drunk,3,喝酒醉的,He was too drunk to drive.
dumb,3,啞的；愚笨的,It was a dumb mistake.
dump,3,傾倒,They dump waste into the river.
dumpling,3,水餃；餃子,We ate dumplings for lunch.
dust,3,灰塵；打掃,There is dust on the table.
eager,3,熱切的,She is eager to learn new things.
echo,3,回聲；回響,We heard the echo of our voices.
edit,3,編輯,She edited the report carefully.
editor,3,編輯,The editor checked the article.
educate,3,教育；教導,Parents should educate their children.
educational,3,有教育意義的,The trip was both fun and educational.
efficient,3,有效率的,She is an efficient worker.
elbow,3,肘部；扶手,He hurt his elbow playing tennis.
elderly,3,年長的,The elderly man walked slowly.
elect,3,選舉,We elect a new president every four years.
election,3,選舉,The election results were announced.
electricity,3,電；電流,The storm cut off our electricity.
electronic,3,電子的,He bought an electronic dictionary.
element,3,元素,Water is made of two elements.
elevator,3,電梯；升降機,Take the elevator to the fifth floor.
emergency,3,緊急情況,Call 911 in an emergency.
emotional,3,感情上的,She gave an emotional speech.
emperor,3,統治者；皇帝,The emperor ruled the country.
enable,3,使能夠,This ticket enables you to enter.
energetic,3,充滿活力的,The children are very energetic.
engage(ment),3,使從事；訂婚,They announced their engagement.
enjoyable,3,有樂趣的,We had an enjoyable afternoon.
entry,3,進入,The entry to the building is on the left.
envy,3,嫉妒；羨慕,She envied her friend's success.
erase,3,擦掉；抹去,Please erase the blackboard.
excellence,3,傑出；優點,The school is known for its excellence.
exchange,3,交換；交易,We exchanged gifts at the party.
exhibition,3,展示會,We visited an art exhibition.
expectation,3,期望,The results exceeded our expectations.
experiment,3,實驗,The scientist did a simple experiment.
explode,3,爆炸,The bomb exploded at noon.
explore,3,探索,They explored the unknown cave.
export,3,出口,The country exports rice.
expressive,3,富有表情的,She has an expressive face.
extreme,3,盡頭的；極限,The heat was extreme.
fade,3,凋謝；枯萎,The flowers faded in the sun.
faint,3,頭暈的；暈倒,She felt faint and sat down.
fairly,3,相當地；公平地,The test was fairly easy.
fairy,3,仙女,The fairy granted him a wish.
faith,3,信念；諾言,She has faith in her friends.
fake,3,假的；偽造,The painting was a fake.
familiar,3,熟悉的,His face looks familiar.
fancy,3,迷戀,She has a fancy for nice clothes.
fare,3,車費；伙食,The bus fare is two dollars.
farther,3,進一步地,We walked farther than expected.
fashionable,3,流行的；時髦的,She wears fashionable clothes.
faucet,3,水龍頭,The faucet is leaking.
fearful,3,害怕的,She was fearful of the dark.
feather,3,羽毛；鳥類,The bird has soft feathers.
fence,3,柵欄；防衛,The dog jumped over the fence.
fighter,3,鬥士；戰鬥機,The fighter plane flew fast.
firework,3,煙火,We watched the fireworks.
fist,3,拳頭；支配,He raised his fist in anger.
flame,3,火焰；燃燒,The flame burned brightly.
flash,3,閃爍；燈光,A flash of light lit the room.
flashlight,3,手電筒,He used a flashlight in the dark.
flavor,3,味道；調味料,This ice cream has a fruit flavor.
flesh,3,肉體,The knife cut into the flesh.
float,3,飄浮；搖擺,The boat floated on the water.
flock,3,群；聚集,A flock of birds flew south.
flood,3,洪水；淹沒使氾濫,The flood destroyed many houses.
flour,3,麵粉,She used flour to make bread.
flute,3,長笛,She plays the flute.
foggy,3,多霧的,It was foggy this morning.
fold,3,摺疊；交疊,Fold the paper in half.
follower,3,追隨者；擁護者,He has many followers online.
fond,3,喜歡的；愛好的,She is fond of chocolate.
forever,3,永遠,I will love you forever.
fortune,3,財產；好運,He made a fortune in business.
fountain,3,噴泉；噴水池,The fountain is in the park.
frank,3,坦白的,He gave a frank answer.
freeze,3,冰凍,Water freezes at zero degrees.
freezer,3,冰箱,Put the meat in the freezer.
frequent,3,頻繁的,He makes frequent trips to Japan.
fright,3,驚嚇,He jumped in fright.
frighten,3,使害怕,The loud noise frightened the baby.
fuel,3,燃料；加燃料,The car needs more fuel.
fund,3,資金,They raised funds for the school.
fur,3,毛皮,The cat has soft fur.
gallon,3,加侖,He bought a gallon of milk.
gamble,3,賭博；投機,He likes to gamble at the casino.
gang,3,惡少幫；阿飛黨,A gang of youths caused trouble.
gap,3,缺口；峽谷；隔閡,There is a gap in the fence.
garage,3,車庫,He parked the car in the garage.
gasoline/gas,3,汽油,We need to buy gasoline.
geography,3,地理學；地形,She teaches geography at school.
gesture,3,做手勢；手勢,He made a friendly gesture.
glance,3,一瞥；掃視,She gave him a quick glance.
global,3,全球的,Global warming is a serious problem.
glory,3,光榮；驕傲,The team won glory for their country.
glow,3,發光；發熱,The fire glowed in the dark.
golf,3,高爾夫球,He plays golf on weekends.
gossip,3,流言輩語,She loves to spread gossip.
governor,3,州長；主管,The governor visited the school.
grab,3,抓取；奪取,He grabbed my arm.
graduate,3,畢業；大學畢業生,She will graduate next year.
grasp,3,緊握；理解,He grasped the rope tightly.
grasshopper,3,蝗蟲；蚱蜢,A grasshopper jumped over the grass.
grassy,3,多草的,The grassy field is perfect for a picnic.
greedy,3,貪婪的,The greedy man took all the money.
greenhouse,3,溫室,Plants grow well in the greenhouse.
grin,3,露齒而笑,He grinned at the camera.
grocery,3,食品雜貨店,She went to the grocery store.
guidance,3,引導,He needs guidance from his teacher.
gum,3,樹脂；口香糖,She chewed a piece of gum.
hairdresser,3,美髮師,The hairdresser cut my hair.
hallway,3,玄關；走廊,The hallway is long and narrow.
hammer,3,鐵鎚；敲打,He hit the nail with a hammer.
handful,3,一把,He took a handful of nuts.
handkerchief,3,手帕；圍巾,She wiped her nose with a handkerchief.
handy,3,手邊的；巫巧的,This tool is very handy.
hanger,3,衣架；絞刑執行者,Hang your coat on the hanger.
harbor,3,海灣；港灣,The boat is in the harbor.
harm,3,損害；傷害,Smoking can harm your health.
harmful,3,有害的,Too much sun is harmful to your skin.
harvest,3,收穫,The farmers are busy with the harvest.
hasty,3,匆忙的,He made a hasty decision.
hatch,3,孵蛋；策劃,The eggs will hatch soon.
hateful,3,可恨的,His hateful words hurt her.
hay,3,乾草,The farmer stored hay in the barn.
headline,3,報紙的)標題,The headline was about the election.
headquarters,3,總部,The company's headquarters is in New York.
heal,3,治癒,The wound will heal in a few days.
heap,3,堆,There was a heap of clothes on the floor.
heater,3,暖氣機,Turn on the heater please.
heel,3,腳後跟,My new shoes hurt my heel.
hell,3,地獄,The war was hell for the soldiers.
helmet,3,頭盔；安全帽,Always wear a helmet when cycling.
hesitate,3,猶豫,Do not hesitate to ask for help.
hint,3,暗示,Give me a hint about the answer.
hire,3,租借；雇用,They hired a new employee.
historian,3,歷史學家,The historian wrote about ancient Rome.
historic,3,歷史上著名的,This is a historic building.
holder,3,持有人；容器,He is the holder of the world record.
hollow,3,中空的；空洞的,The tree trunk is hollow.
holy,3,神聖的,The temple is a holy place.
homesick,3,懷鄉病的,She felt homesick after moving abroad.
hometown,3,永久居留地,He returned to his hometown.
honesty,3,誠實,Honesty is the best policy.
honor,3,榮譽；使…增光,It is an honor to meet you.
hopeful,3,充滿希望的,She is hopeful about the future.
horn,3,喇叭；角,The car horn beeped.
horrible,3,可怕的,The accident was horrible.
horror,3,恐怖,She screamed in horror.
hourly,3,每小時的,He gets paid hourly.
housekeeper,3,女管家,The housekeeper cleans the rooms.
hug,3,擁抱；抱住,She gave her mother a big hug.
hum,3,哼唱；發出嗡嗡聲,She hummed a tune.
humid,3,潮溼的,The weather is hot and humid.
humor,3,幽默感,He has a good sense of humor.
humorous,3,幽默的,She told a humorous story.
hunger,3,飢餓,Many people suffer from hunger.
hut,3,小屋,They stayed in a small hut.
icy,3,結冰的；冰冷的,The road is icy and dangerous.
imagination,3,想像力；創造力,Children have great imagination.
immediate,3,立刻的,We need an immediate answer.
import,3,進口,The country imports oil.
impress,3,使銘記,Her speech impressed everyone.
indoor,3,室內的,They played indoor games.
indoors,3,在室內,We stayed indoors because of the rain.
industrial,3,工業的,The city is an industrial center.
inferior,3,低於…的,This product is inferior to the other one.
inform,3,通知,Please inform me of any change.
information,3,資訊,I need more information.
injury,3,傷害,He suffered a leg injury.
inn,3,小旅館；客棧,We stayed at a small inn.
inner,3,內在的,She has inner strength.
innocent,3,清白的；無知的,He is innocent of the crime.
inspect,3,檢查,The officer inspected the car.
inspector,3,檢查員,The inspector checked the building.
intelligent,3,聰明的,She is an intelligent student.
interrupt,3,打斷,Do not interrupt me.
invent,3,發明；創造,He invented a new machine.
inventor,3,發明者,The inventor received a patent.
investigate,3,調查；研究,The police will investigate the case.
invitation,3,邀請,I received an invitation to the party.
ivory,3,似象牙的；象牙(質),The piano keys were made of ivory.
jail,3,拘留所,He spent a night in jail.
jar,3,罐；罈；瓶,She opened a jar of honey.
jaw,3,頜；顎；下巴,He broke his jaw in the accident.
jazz,3,爵士樂,She loves listening to jazz.
jealous,3,嫉妒的,He was jealous of her success.
jeep,3,吉普車,They drove a jeep through the desert.
jelly,3,果凍,The children ate jelly for dessert.
jet,3,噴射機,The jet flew at high speed.
jewel,3,珠寶,She wore a beautiful jewel.
jewelry,3,總稱)珠寶,She keeps her jewelry in a box.
journey,3,旅行,The journey took three days.
joyful,3,高興的,It was a joyful celebration.
juicy,3,多汁的,The steak was juicy.
jungle,3,叢林,They explored the jungle.
junior,3,較年少者,He is a junior at high school.
junk,3,廢物；垃圾,The room was full of junk.
kangaroo,3,袋鼠,A kangaroo carries its baby in a pouch.
keyboard,3,鍵盤,My keyboard is not working.
kidney,3,腎,He has a kidney problem.
kilometer,3,公里,The distance is five kilometers.
kindergarten,3,幼稚園,She teaches at a kindergarten.
kingdom,3,王國；王權,The kingdom was peaceful.
kit,3,所有的裝備,He bought a first-aid kit.
knight,3,騎士；爵士,The knight rode a white horse.
knit,3,編織；接合,She knitted a warm scarf.
knot,3,繩等的)結,He tied a tight knot.
koala,3,無尾熊,The koala sleeps in the tree.
label,3,標籤,Read the label before taking the medicine.
lace,3,鞋帶；花邊,She wore a dress with lace.
ladder,3,梯子,He climbed up the ladder.
lately,3,最近,I have not seen him lately.
laughter,3,笑,The room was full of laughter.
laundry,3,洗衣店,She took the clothes to the laundry.
lawn,3,草坪,He mows the lawn every week.
leak,3,漏,The roof began to leak.
leap,3,跳躍；舞,The frog made a big leap.
learning,3,學習,Learning is a lifelong process.
leather,3,皮革,This bag is made of leather.
leisure,3,空閒的,He enjoys reading in his leisure time.
lemonade,3,檸檬水,She made fresh lemonade.
leopard,3,花豹,The leopard ran fast.
lettuce,3,萵苣,She put lettuce in the sandwich.
liberty,3,自由,They fought for liberty.
lick,3,舐；(火)蔓延,The dog licked my hand.
lifetime,3,一生,He spent a lifetime helping others.
lighthouse,3,燈塔,The lighthouse guides ships.
lightning,3,閃電；閃光,The lightning lit up the sky.
lily,3,百合花,The lily is a beautiful flower.
limb,3,肢；臂,He lost a limb in the war.
litter,3,雜物；垃圾,Do not drop litter on the street.
lively,3,有生氣的,The party was lively and fun.
loaf,3,一條麵包；遊蕩,She bought a loaf of bread.
lobby,3,門廊；休息室,We waited in the hotel lobby.
locate,3,使…座落於,The company is located in Taipei.
location,3,選定路線,The location of the house is perfect.
lock,3,鎖,Remember to lock the door.
log,3,原木,He put a log on the fire.
lollipop,3,棒棒糖,The child licked a lollipop.
loose,3,鬆散的,The screw is loose.
lord,3,統治者,The lord owned the land.
loser,3,失敗者,He is a good loser.
lover,3,戀人,She is his lover.
luggage,3,行李,Please watch my luggage.
lung,3,肺,Smoking damages your lungs.
magical,3,魔法的,It was a magical moment.
magician,3,魔術師,The magician pulled a rabbit from his hat.
magnet,3,磁鐵,The magnet attracted the nails.
maid,3,少女,The maid cleaned the room.
majority,3,多數,The majority of students passed.
mall,3,大規模購物中心,We went to the mall to shop.
mankind/humankind,3,人類,Mankind has always dreamed of flying.
marble,3,大理石,The statue is made of marble.
march,3,三月,My birthday is in March.
marker,3,馬克筆；標記,He used a marker to write.
marvelous,3,奇妙的,We had a marvelous time.
mathematical,3,數學的,He has a mathematical mind.
mayor,3,市長；鎮長,The mayor opened the new park.
meadow,3,草地,The sheep grazed in the meadow.
meaningful,3,意味深長的,It was a meaningful conversation.
meanwhile,3,其問；同時,Meanwhile I will prepare dinner.
medal,3,獎章；紀念章,She won a gold medal.
medium/media,3,中間；媒介,He is of medium height.
melon,3,甜瓜,The melon is sweet and juicy.
melt,3,融化,The ice will melt in the sun.
mend,3,修補,She mended the torn shirt.
mental,3,精神的,He has a mental illness.
merry,3,歡樂的,We wish you a merry Christmas.
mess,3,紊亂,The room was in a mess.
microphone/mike,3,麥克風,Speak into the microphone.
microwave,3,微波,Heat the food in the microwave.
mighty,3,強大的；偉大的,The mighty river flows to the sea.
minus,3,負的,The temperature is minus five degrees.
miracle,3,奇蹟,It was a miracle that he survived.
misery,3,不幸；悲慘,The war caused great misery.
missile,3,飛彈,The missile hit the target.
missing,3,行蹤不明的,The missing child was found safe.
mission,3,使節團；使命,Their mission was to help the poor.
mist,3,霧；迷濛,The mountain was covered in mist.
mob,3,烏合之眾；無秩序的民眾,The mob gathered in the square.
mobile,3,易；汽車,He uses a mobile phone.
moist,3,潮溼的,Keep the cake moist.
moisture,3,溼氣；水份,The cream helps keep moisture in your skin.
monk,3,僧侶；修道士,The monk lives in a monastery.
monster,3,怪物,The child was afraid of monsters.
monthly,3,每月一次的,We have a monthly meeting.
moral,3,道德上的,It is a moral question.
mosquito,3,蚊,A mosquito bit my arm.
mostly,3,大部分,The students are mostly from Taiwan.
motel,3,汽車旅館,We stayed at a motel on the highway.
moth,3,蛾,A moth flew around the lamp.
motor,3,馬達；原動力,The motor is not working.
multiply,3,使相乘；增加,Multiply two by three.
murder,3,謀殺,He was arrested for murder.
muscle,3,肌肉,Exercise builds strong muscles.
mushroom,3,香茹；蘑蘋狀的束西,She added mushrooms to the soup.
mystery,3,神祕的事物,The mystery was never solved.
naked,3,裸體的,The baby was naked.
nap,3,打盹,He took a short nap.
napkin,3,餐巾,She put a napkin on her lap.
native,3,本國的,He is a native speaker of English.
navy,3,海軍,He joined the navy.
neat,3,整潔的,Her room is always neat.
necessity,3,必需；必需品,Water is a necessity of life.
necktie,3,領帶；領結,He wore a red necktie.
neighborhood,3,鄰近地區,We live in a quiet neighborhood.
nest,3,築巢,The bird built a nest in the tree.
nickname,3,綽號,His nickname is Shorty.
normal,3,正常的,His temperature is normal.
novelist,3,小說家,She is a famous novelist.
nun,3,修女；尼姑,The nun works in a hospital.
oak,3,橡樹,The oak tree is very old.
observe,3,觀察,The scientist observed the stars.
occasion,3,場合,It was a special occasion.
odd,3,奇特的；奇數的,He has an odd habit.
omit,3,省略；遺漏,Do not omit any important details.
ongoing,3,持續進行的,The ongoing project is going well.
onion,3,洋蔥,She cut the onion and cried.
onto,3,到……之上,He climbed onto the roof.
operation,3,運作；手術,The operation was successful.
opportunity,3,機會,This is a great opportunity.
opposite,3,相反的；對面,The bank is opposite the school.
optimistic,3,樂觀的；有信心的,She is optimistic about the future.
oral,3,口頭的；口腔的,He gave an oral report.
organic,3,有機的,She buys organic vegetables.
organize,3,組織,They organized a party.
original,3,最初的；原著,This is the original painting.
outdoor,3,戶外的,They enjoy outdoor activities.
outdoors,3,在戶外,We had lunch outdoors.
outer,3,外部的,The outer wall needs paint.
outline,3,輪廓；綱要,He wrote an outline for his essay.
oven,3,烤箱,She baked a cake in the oven.
overseas,3,來自海外的,He studied overseas for two years.
owe,3,虧欠,I owe you ten dollars.
owl,3,貓頭鷹,The owl hunts at night.
ownership,3,所有權,The ownership of the land is unclear.
ox,3,公牛,The ox pulled the cart.
pad,3,墊子；記事本,She wrote on a pad.
painter,3,畫家,He is a famous painter.
pal,3,夥伴,He is my old pal.
palace,3,宮殿,The palace is open to the public.
palm,3,棕櫚；椰子,The palm trees line the beach.
pancake,3,煎餅,She made pancakes for breakfast.
panic,3,恐慌,There was panic when the fire started.
parade,3,遊行,We watched the parade.
paradise,3,天堂,The island is a tropical paradise.
parcel,3,包裹,The parcel arrived today.
parrot,3,鸚鵡,The parrot can talk.
passage,3,通行,The passage was narrow.
passenger,3,乘客,The passenger sat by the window.
passion,3,熱情,She has a passion for music.
passport,3,護照,Do not forget your passport.
pat,3,拍,He patted the dog on the head.
patience,3,耐心,Teaching requires patience.
pause,3,暫停,He paused before answering.
pave(ment),3,鋪(用於被動),The road is paved with stones.
pea,3,豌豆,She ate peas for dinner.
peanut,3,花生,He is allergic to peanuts.
pearl,3,珍珠,The necklace is made of pearls.
peel,3,果皮；剝皮,She peeled an orange.
penguin,3,企鵝,The penguin lives in cold places.
penny,3,一分錢,He found a penny on the street.
pepper,3,胡椒粉,Add some salt and pepper.
perform,3,執行；演出,The band will perform tonight.
performance,3,成就；表演,Her performance was excellent.
permission,3,准許,You need permission to enter.
permit,3,許可,The rules do not permit smoking.
persuade,3,說服,She persuaded me to go.
photographer,3,攝影者,The photographer took many pictures.
pigeon,3,鵲子,A pigeon flew onto the roof.
pile,3,堆；疊,There is a pile of books on the desk.
pill,3,藥丸,Take one pill after meals.
pilot,3,飛行員；駕駛,The pilot landed the plane safely.
pine,3,松樹,The pine tree is green all year.
pineapple,3,鳳梨,Pineapple is a tropical fruit.
pint,3,品脫(液量名),He drank a pint of beer.
pit,3,坑；煤礦,They dug a deep pit.
pitch,3,瀝青,The road was covered with pitch.
pity,3,可惜,It is a pity you cannot come.
plastic,3,塑膠,Plastic bags are harmful to the environment.
playful,3,愛玩的；嬉戲的,The puppy is very playful.
plenty,3,大量,There is plenty of food for everyone.
plug,3,塞子,Put the plug in the socket.
pole,3,南極或北極,The North Pole is very cold.
political,3,政府的,He has strong political views.
politician,3,政治家,The politician gave a speech.
politics,3,政治活動,She is not interested in politics.
poll,3,民意調查,The poll showed a close race.
pollute,3,污染,Factories pollute the air.
pollution,3,污染,Air pollution is a serious problem.
porcelain,3,瓷器,The vase is made of porcelain.
portion,3,一部分,Give me a small portion of rice.
portrait,3,肖畫像,He painted a portrait of his wife.
poster,3,海報,She put a poster on the wall.
postpone(ment),3,延期,They postponed the meeting.
pottery,3,陶器,She makes pottery in her free time.
pour,3,灌 v.注 v.倒,Pour the milk into the glass.
poverty,3,貧窮,Many families live in poverty.
powder,3,粉末,Add the milk powder to water.
practical,3,實踐的,We need a practical solution.
precious,3,珍貴的,Diamonds are precious stones.
preparation,3,準備,The preparation took two hours.
presence,3,出席,Your presence is requested.
pretend,3,假裝,He pretended to be asleep.
prevent,3,預防,Eat well to prevent illness.
previous,3,以前的,He mentioned it in a previous letter.
probable,3,很可能的,It is probable that it will rain.
process,3,過程；加工,Learning is a slow process.
producer,3,製作人；生產者,The producer made a new film.
product,3,產品,This product is made in Taiwan.
professor,3,教授,The professor gave a lecture.
profit,3,利益；有益於,The company made a large profit.
promote,3,提升,He was promoted to manager.
pronounce,3,發音,How do you pronounce this word?
proof,3,證據,Do you have proof of purchase?
property,3,財產,He owns a lot of property.
protection,3,保護,The law offers protection to workers.
pub,3,小酒館,We had a drink at the pub.
pump,3,泵,The pump brings water from the well.
punch,3,用拳猛擊；打洞機,He punched the wall in anger.
puppet,3,木偶,The puppet moved by strings.
pure,3,純淨的,The water is pure and clean.
purse,3,錢包,She lost her purse.
queer,3,奇怪的,He gave me a queer look.
quit,3,停止,He quit smoking last year.
quote,3,引用,She likes to quote famous people.
racial,3,種族的,They fought against racial discrimination.
rag,3,破布,He cleaned the car with a rag.
rank,3,等級；並排,He holds a high rank in the army.
rate,3,比率；評估,The unemployment rate is falling.
raw,3,生的,Do not eat raw meat.
ray,3,光線,A ray of sunlight came through the clouds.
razor,3,舌」鬍刀,He shaved with a razor.
react,3,反應,How did she react to the news?
reaction,3,反應,His reaction was unexpected.
reasonable,3,有理由的；合理的,The price is reasonable.
receipt,3,收到；收據,Keep the receipt for returns.
receiver,3,接受者；受話器,She picked up the receiver.
recognize,3,承認,I did not recognize him at first.
recorder,3,記錄者,The recorder saved the data.
rectangle,3,長方形,The table is a rectangle.
reduce,3,減少,We need to reduce our costs.
regional,3,地區的,The regional dialect is different.
regret,3,哀傷；遺憾,I regret not studying harder.
relax,3,放鬆,Take a deep breath and relax.
release,3,解放,The prisoner was released.
reliable,3,可信賴的,He is a reliable friend.
relief,3,解除,It was a relief to hear the news.
religious,3,狂熱信仰的,She is very religious.
rely,3,信賴,You can rely on me.
remain,3,殘留,Only a few pieces remain.
remind,3,使想起,Please remind me to call her.
remote,3,遠離的,The village is remote and quiet.
replace(ment),3,取代；替換,We need to replace the old computer.
represent,3,描寫,The painting represents a battle.
representative,3,象徵的；例子,He is a representative of the company.
republic,3,共和國,France is a republic.
request,3,要求,They made a special request.
reserve,3,預備,I reserve a table for two.
resist,3,反抗,He could not resist the temptation.
resource,3,財產；資產,Water is a natural resource.
response,3,回答,I got no response.
responsibility,3,責任,It is your responsibility.
restrict,3,限制,The law restricts smoking.
reveal,3,揭露,He revealed the secret.
ribbon,3,絲帶,She tied her hair with a ribbon.
rid,3,解除；免談,Get rid of that old chair.
ripe,3,成熟的,The bananas are ripe.
risk,3,危險,There is a risk of fire.
roar,3,怒吼,The lion roared loudly.
roast,3,吐司,She roasted the chicken.
rob,3,搶劫,They robbed the bank.
robbery,3,搶劫,The robbery happened at midnight.
robe,3,長袍,The judge wore a black robe.
rocket,3,火箭,The rocket launched into space.
romantic,3,羅曼蒂克的,It was a romantic dinner.
rot,3,腐敗；腐朽,The fruit began to rot.
rotten,3,腐敗的,The apple is rotten.
rough,3,不平的；粗魯的,The road is rough.
roughly,3,大體上,Roughly speaking it will take an hour.
routine,3,慣常的,My daily routine is simple.
rug,3,小地毯,There is a rug on the floor.
rumor,3,謠言,There is a rumor about the merger.
rush,3,衝；急速前進,Do not rush your homework.
rust,3,銹；生銹,The old car is covered with rust.
sack,3,大袋子,He carried a sack of rice.
sake,3,為二好處著想,For the sake of your health quit smoking.
salary,3,薪水,She earns a good salary.
satisfactory,3,滿意的,The result was satisfactory.
sauce,3,醬料,She made tomato sauce.
saucer,3,茶碟,She put the cup on the saucer.
sausage,3,香腸,He ate a sausage for breakfast.
saving(s),3,存款,She used her savings to buy a car.
scale(s),3,標準,The scale shows your weight.
scarce,3,稀少的,Water is scarce in the desert.
scarf,3,領巾,She wore a warm scarf.
scary,3,可怕的,The movie was too scary for children.
scatter,3,散開,The wind scattered the leaves.
scholar,3,學者,He is a famous scholar.
scholarship,3,獎學金,She won a scholarship to study abroad.
scientific,3,科學的,We need a scientific approach.
scientist,3,科學家,The scientist made a discovery.
scissors,3,剪刀,He cut the paper with scissors.
scout,3,偵察機,The scout reported the enemy's position.
scream,3,尖叫聲；尖叫,She let out a scream.
screw,3,螺絲；用螺絲固定,Tighten the screw with a screwdriver.
scrub,3,刷洗,She scrubbed the floor clean.
seal,3,海豹；印章,The letter had a wax seal.
security,3,安全,The airport has tight security.
semester,3,一學期,This semester is almost over.
senior,3,資深的；年長者,He is a senior manager.
sensible,3,明智的,It was a sensible decision.
separation,3,分開,The separation from her family was hard.
sexual,3,男女之問的,They discussed sexual health.
sexy,3,性感的,She wore a sexy dress.
shadow,3,陰影,The tree cast a long shadow.
shallow,3,淺的,The water is shallow here.
shampoo,3,洗髮(精),She bought a new shampoo.
shepherd,3,牧羊人；引導,The shepherd led the sheep.
shiny,3,閃爍的,Her hair is shiny and healthy.
shorten,3,使縮短,They decided to shorten the meeting.
shortly,3,不久；很快地,He will arrive shortly.
shovel,3,鏟子；鏟,He used a shovel to dig the hole.
shrimp,3,小蝦；矮子,We had shrimp for dinner.
shrink,3,縮小,The shirt will shrink in hot water.
sigh,3,嘆息,She gave a deep sigh.
signal,3,信號,The signal was weak.
significant,3,重要的,This is a significant discovery.
silk,3,絲,The dress is made of silk.
similarity,3,相似之處,There is a similarity between the two.
sin,3,罪惡,He confessed his sin.
sincere,3,真心誠意的,She gave a sincere apology.
sink,3,洗滌槽,The dishes are in the sink.
sip,3,啜飲,She took a sip of tea.
situation,3,形勢,The situation is under control.
skate,3,冰鞋；溜冰,They skate on the frozen lake.
ski,3,滑雪,They ski in the mountains.
skillful,3,熟練的,He is a skillful driver.
skinny,3,消瘦的,He is tall and skinny.
skip,3,輕跳；略過,She skipped the first chapter.
slave,3,奴隸,The slaves were set free.
sleeve,3,衣服袖子,The sleeve is too long.
slender,3,修長的；苗條的,She has a slender figure.
slice,3,片,He ate a slice of cake.
slippery,3,滑溜的,The floor is slippery when wet.
slope,3,斜坡,The house is on a steep slope.
snap,3,快照；突然折斷,The branch snapped in the wind.
solid,3,堅固的,The table is made of solid wood.
someday,3,有朝一日,Someday I will travel the world.
somehow,3,不知怎麼地,Somehow he finished the race.
sometime,3,在將來某個時候,Let us meet sometime next week.
sorrow,3,悲傷,Her eyes were full of sorrow.
spaghetti,3,義大利麵條,We had spaghetti for lunch.
specific,3,明確的,Give me a specific example.
spice,3,香料；加香料於,Add some spice to the soup.
spill,3,溢出；濺出,Be careful not to spill the milk.
spin,3,旋轉,The top spins fast.
spinach,3,菠菜,Spinach is rich in iron.
spit,3,口水；吐,Do not spit on the street.
spite,3,惡意,He did it out of spite.
splash,3,飛澱(聲),The children splashed in the pool.
spoil,3,破壞,The rain spoiled our picnic.
spray,3,噴；濺散,She sprayed water on the plants.
spy,3,間諜；秘密監視,The spy was caught by the police.
squeeze,3,壓；擠,She squeezed the lemon.
squirrel,3,松鼠,A squirrel ran up the tree.
stable,3,穩定的,The patient is in stable condition.
stadium,3,露天)運動場,The stadium was full of fans.
staff,3,職員；工作人員,The staff are very friendly.
stale,3,不新鮮的,The bread is stale.
stare,3,瞪眼,She stared at the painting.
starve,3,使)挨餓,Many people starve in the world.
statue,3,雕像,The statue stands in the park.
steady,3,穩固的,The table is not steady.
steal,3,偷,Someone stole my bike.
steam,3,蒸汽,Steam rose from the hot water.
steep,3,陡峭的,The hill is very steep.
sticky,3,黏的,The floor is sticky.
stiff,3,硬的,My neck is stiff.
sting,3,刺傷(處)；刺,A bee sting can be painful.
stir,3,攪動,Stir the soup slowly.
stitch,3,縫；一針,The doctor put a stitch in the wound.
stomach,3,胃,My stomach hurts.
stool,3,凳子,He sat on a wooden stool.
stormy,3,有暴風雨的,The weather is stormy.
stove,3,火爐,She cooked on the stove.
strategy,3,策略,We need a new strategy.
straw,3,稻草；麥桿,The farmer used straw for the animals.
strength,3,力氣,He has great physical strength.
strip,3,條狀物；剝去,He cut the paper into strips.
structure,3,結構,The structure of the building is strong.
stubborn,3,固執的,He is too stubborn to change.
studio,3,工作室,She works in a art studio.
stuff,3,材料,Put your stuff in the bag.
substance,3,物質,Water is a clear substance.
subtract,3,減掉,Subtract five from ten.
suburb,3,郊區,They live in a quiet suburb.
suck,3,吸；吮,The baby sucked the milk.
suffer,3,遭受,He suffered from a headache.
sufficient,3,充足的,We have sufficient food.
suicide,3,自殺,Suicide is a serious issue.
sum,3,總數,The sum of two and three is five.
summary,3,摘要,Write a summary of the article.
summit,3,山頂,They reached the summit at noon.
superior,3,上等的,This product is superior to that one.
surround,3,圍繞,The house is surrounded by trees.
survey,3,調查；審視,We conducted a survey.
survivor,3,生還者,The only survivor was a child.
suspect,3,懷疑；嫌疑犯,The police suspect him.
suspicion,3,懷疑,He was arrested on suspicion of theft.
swan,3,天鵝,The swan swam across the lake.
swear,3,發誓,I swear I am telling the truth.
sweat,3,汗水；出汗,He wiped the sweat from his face.
swell,3,腫脹；膨脹,His ankle began to swell.
swift,3,迅速的,The swift bird flew away.
sword,3,劍,The knight carried a sword.
tablet,3,藥片,Take one tablet twice a day.
tag,3,標籤,Check the price tag.
tailor,3,裁縫師,The tailor made a suit for him.
talent,3,天賦,She has a talent for singing.
talkative,3,健談的,He is a talkative person.
tame,3,馴∣服的,The lion is not tame.
tangerine,3,橘子,She ate a tangerine.
tank,3,大容器,The tank is full of water.
tap,3,塞子；輕敲,He tapped on the window.
tasty,3,美味的,The food was very tasty.
tease,3,取笑；逗弄,Do not tease your sister.
technical,3,技術性的,There was a technical problem.
technique,3,技術,He learned a new technique.
teenage,3,青少年的,Teenage years can be difficult.
temper,3,脾氣,He has a bad temper.
temporary,3,暫時的,This is a temporary job.
tend,3,有…的傾向,She tends to be late.
tender,3,嫩的,The meat is tender and juicy.
tent,3,帳篷,We slept in a tent.
terrific,3,極好的；嚇人的,The view was terrific.
territory,3,領土,The island is part of our territory.
thankful,3,感謝的,I am thankful for your help.
theory,3,理論,In theory the plan should work.
thirst,3,口渴,He had a terrible thirst.
thread,3,線；穿線於,She used a needle and thread.
threat,3,威脅,The threat of war worried everyone.
threaten,3,恐嚇,He threatened to call the police.
thumb,3,拇指,He hurt his thumb.
tide,3,潮汐,The tide is coming in.
tight,3,緊的；緊緊地,These shoes are too tight.
tighten,3,使)繃緊,Tighten the screw.
timber,3,木材,The house is built of timber.
tobacco,3,煙草,Tobacco is harmful to health.
ton,3,噸,The truck carried ten tons of coal.
toss,3,扔；擲,He tossed the ball to me.
tough,3,堅韌的,This meat is tough.
tourism,3,觀光業,Tourism is important to the economy.
tourist,3,觀光客,Many tourists visit the city.
tow,3,拖,The truck towed the car away.
tower,3,塔樓；屹立,The tower is very tall.
trace,3,蹤跡；追溯,The police found no trace of him.
trader,3,商人；交易者,He is a stock trader.
trail,3,小徑；追蹤,We followed a mountain trail.
transport,3,運輸(系統),Public transport is cheap here.
traveler,3,旅行者,The traveler carried a small bag.
tray,3,盤子,She put the cups on the tray.
trend,3,趨勢,The trend is toward smaller cars.
tribe,3,部落,The tribe lives in the mountains.
tricky,3,狡猾的,This is a tricky question.
troop,3,部隊,The troops returned home.
tropical,3,熱帶的,We visited a tropical island.
trumpet,3,喇叭；鼓吹,He plays the trumpet.
trunk,3,樹幹,The trunk of the tree is thick.
truthful,3,誠實的,Be truthful about what happened.
tub,3,浴缸；盆,She filled the tub with water.
tug,3,用力拉,He tugged the rope hard.
tune,3,曲調,The tune is easy to remember.
tunnel,3,隧道,The train went through a tunnel.
tutor,3,家庭教師,She hired a math tutor.
twin,3,孿生子之一,She has a twin sister.
twist,3,彎曲；扭曲,He twisted his ankle.
underlying,3,潛在的；根本的,The underlying problem is money.
underwear,3,內衣,He packed clean underwear.
union,3,結合,The union protects workers' rights.
unique,3,獨特的,This is a unique opportunity.
unite,3,合併,The two parties united.
unity,3,統一,Unity is strength.
urban,3,城市的,Urban life is busy.
vacant,3,空的,The seat is vacant.
van,3,小貨車,The van delivered the goods.
vanish,3,消失,The magician made the rabbit vanish.
variety,3,多樣化,The store offers a variety of goods.
various,3,各式各樣的,We discussed various topics.
vary,3,變化,Prices vary from store to store.
vase,3,花瓶,She put flowers in the vase.
vehicle,3,車輛,The vehicle was parked outside.
verse,3,詩節,He wrote a poem in verse.
vest,3,背心,He wore a vest over his shirt.
victim,3,受害者,The victim was taken to hospital.
violence,3,暴力,The film contains violence.
violent,3,兇暴的,He has a violent temper.
violet,3,紫羅蘭,The violet is a small purple flower.
visible,3,看得見的,The star is visible tonight.
vision,3,視力,His vision is poor.
vitamin,3,維他命,Oranges are rich in vitamin C.
vivid,3,生動的,She has a vivid imagination.
vocabulary,3,詞彙,Reading improves your vocabulary.
volleyball,3,排球,We played volleyball on the beach.
volume,3,音量,Turn down the volume.
voter,3,選民,Every voter should cast a ballot.
wage(s),3,工資,The workers demanded higher wages.
wagon,3,四輪運貨馬車,The wagon was pulled by horses.
wander,3,徘徊(於),He wandered through the streets.
warmth,3,溫暖,The warmth of the fire felt good.
warn,3,警告,They warned us of the danger.
waterfall,3,瀑布,The waterfall is beautiful.
wax,3,蠟,The candle is made of wax.
weaken,3,削弱,The disease weakened him.
wealthy,3,富裕的,He is a wealthy businessman.
weapon,3,武器,The police found a weapon.
weave,3,紡織,She weaves cloth on a loom.
web,3,網,A spider spins a web.
wed,3,結婚,They will wed in June.
weed,3,雜草,He pulled the weeds from the garden.
weekly,3,一週一次的,We have a weekly meeting.
weep,3,哭泣,She began to weep.
wheat,3,小麥,Wheat is used to make bread.
whip,3,鞭子；鞭打,The rider used a whip.
whistle,3,哨子；吹口哨,He whistled a happy tune.
wicked,3,邪惡的,The wicked witch cast a spell.
widen,3,使)變寬,They plan to widen the road.
wipe,3,擦v,She wiped the table clean.
wisdom,3,智慧,He shared his wisdom with us.
wrap,3,圍巾；包裹,She wrapped the gift in paper.
wrist,3,腕,He hurt his wrist.
yearly,3,每年一次,We have a yearly checkup.
yell,3,喊叫,He yelled at the dog.
yolk,3,蛋黃,The egg yolk is yellow.
youngster,3,年輕人,The youngster ran quickly.
zipper,3,拉鍊,The zipper on my bag is broken.
zone,3,地帶,This is a no-parking zone.
abandon,4,遺棄；中止,He decided to abandon the old plan.
absolute,4,完全的；絕對的,She has absolute trust in him.
absorb,4,吸收；理解,Plants absorb water through their roots.
abstract,4,抽象的,The idea is too abstract for children.
academic,4,學院的；學術的,She has a strong academic background.
accent,4,口音；重音,He speaks English with a French accent.
acceptance,4,接受,His acceptance of the offer surprised us.
access,4,進入；使用權；存取,Students have access to the library.
accidental,4,偶然的；意外的,The fire was accidental not deliberate.
accompany,4,陪同,I will accompany you to the station.
accomplish(ment),4,完成,She worked hard to accomplish her goal.
accountant,4,會計師,The accountant checked all the numbers.
accuracy,4,正確(性),The accuracy of the report is important.
accuse,4,把…歸咎(於)；指控,They accuse him of stealing the money.
acid,4,酸；酸性的,The acid burned a hole in the cloth.
acquaintance,4,熟人,He is an old acquaintance of mine.
acquire,4,取得,She hopes to acquire new skills.
adapt,4,使適應,Animals adapt to their environment.
addict,4,對～有癮的人,He is a video game addict.
adequate,4,足夠的；適當的,We have adequate food for everyone.
adjust(ment),4,調整,You need to adjust the seat height.
admirable,4,令人欽佩的,Her courage is truly admirable.
admiration,4,欽佩,He looked at the painting with admiration.
admission,4,加入許可；承認,Admission to the museum is free.
adopt,4,採取；收養,They decided to adopt a child.
agency,4,代理機構；仲介,She works for a travel agency.
agent,4,代理人；仲介人,The agent helped us buy the house.
aggressive,4,好鬥的；積極的,The dog became aggressive toward strangers.
agreeable,4,令人愉快的；讓人同意的,The weather was agreeable for a walk.
alcohol,4,酒精,He does not drink alcohol.
alert,4,警覺的；警戒,The guard stayed alert all night.
allowance,4,零用錢；津貼,His parents give him a monthly allowance.
alternative,4,替代的；二擇一的,We need an alternative plan.
amateur,4,業餘從事者；業餘的,He is an amateur photographer.
ambiguous,4,含糊的,His answer was ambiguous and unclear.
ambitious,4,野心勃勃的,She is an ambitious young lawyer.
amuse(ment),4,給～提供娛樂,The clown amused the children.
analysis,4,分析,The analysis showed a clear trend.
analyze,4,分析,Scientists analyze the data carefully.
ancestor,4,祖先,My ancestors came from China.
anniversary,4,週年紀念,They celebrated their tenth anniversary.
annoy,4,使惱怒,The loud music began to annoy me.
annual,4,一年一度的,The company holds an annual meeting.
anxiety,4,焦慮,She felt anxiety before the exam.
apology,4,道歉,He offered a sincere apology.
apparent,4,明顯的,It was apparent that she was tired.
applicant,4,申請人,The applicant filled out the form.
application,4,應用；申請書,I sent my application by email.
appoint(ment),4,任命；指派,They appointed her as manager.
appreciation,4,欣賞；感謝,I showed my appreciation with a gift.
appropriate,4,適當的,Please wear appropriate clothes.
approval,4,同意；認可,The plan got final approval.
aquarium,4,水族館,We saw many fish at the aquarium.
arch,4,拱門；拱形,The bridge has a stone arch.
arise,4,升起；復活,Problems may arise during the trip.
arms,4,武器,The soldiers laid down their arms.
artificial,4,人造的,The flowers are artificial.
artistic,4,藝術的,She has great artistic talent.
ashamed,4,感到羞恥的,He felt ashamed of his mistake.
aspect,4,方面；觀點,We discussed every aspect of the plan.
aspirin,4,阿斯匹靈,She took an aspirin for her headache.
assemble,4,集合,The students assembled in the hall.
assembly,4,與會者；議會,The assembly lasted one hour.
assign(ment),4,指派,The teacher assigned us homework.
assistance,4,協助,She needs assistance with her bags.
associate,4,關聯,I associate that song with summer.
association,4,協會；聯想；合作,He joined a sports association.
assurance,4,保證,She gave me assurance of her support.
assure,4,保證,I assure you that it is safe.
athletic,4,運動的,He is very athletic.
atmosphere,4,氣壓；氣氛,The restaurant has a warm atmosphere.
atom,4,原子,An atom is the smallest unit of matter.
atomic,4,原子的,The atomic bomb changed history.
attach(ment),4,裝上；附加,Please attach the file to the email.
attraction,4,吸引力,The main attraction is the castle.
audio,4,可聽頻率的,The audio quality is very clear.
authentic,4,真正的；可靠的,This is an authentic Italian restaurant.
authority,4,權力；當局,The local authority approved the plan.
autobiography,4,自傳,He wrote his autobiography last year.
autograph,4,親筆簽名；簽名於,The fan asked for his autograph.
await,4,等候；期待,We await your reply.
bald,4,禿的,He is going bald.
ballet,4,芭蕾舞,She studies ballet every week.
bandage,4,繃帶,The nurse put a bandage on his arm.
bankrupt,4,破產的,The company went bankrupt last year.
bargain,4,買賣；便宜貨,This coat was a real bargain.
barrier,4,障礙物；棚欄,Language can be a barrier.
basin,4,臉盆；洗滌槽,He washed his hands in the basin.
battery,4,電池,The battery in my phone is dead.
beggar,4,乞丐,The beggar asked for food.
behavior,4,行為,His behavior improved after the talk.
bin,4,垃圾桶；儲存箱,Please throw the paper in the bin.
biography,4,傳記,I read a biography of Einstein.
biology,4,生物學,She teaches biology at school.
blade,4,刀刃；葉片,The knife has a sharp blade.
blend,4,使混合,Blend the eggs and sugar together.
blessing,4,賜福；同意,Good health is a blessing.
blink,4,眨眼；漠視,She did not blink during the movie.
bloom,4,花；開花,The roses bloom in spring.
blossom,4,花(叢),The cherry trees are in blossom.
boast,4,自吹自擂；誇耀,He likes to boast about his success.
bond,4,聯結；契約；債券,There is a strong bond between them.
bounce,4,跳，躍；使反彈,The ball bounced off the wall.
bracelet,4,手鐲；手鍊,She wore a silver bracelet.
breed,4,繁衍；滋生,They breed dogs on the farm.
bridegroom/groom,4,新郎,The bridegroom looked very happy.
broke,4,身無分文的,He was completely broke after the trip.
broom,4,掃帚,She swept the floor with a broom.
brutal,4,殘忍的,The brutal attack shocked the town.
bulletin,4,公報；新聞快報,The news bulletin reported the storm.
burglar,4,竊賊,A burglar broke into the house.
cabinet,4,櫥櫃；密室,The cups are in the cabinet.
calculate,4,計算,Please calculate the total cost.
calculation,4,計算,My calculation was correct.
calorie,4,卡路里,This drink has few calories.
campaign,4,競選活動；戰役,The campaign raised a lot of money.
candidate,4,候選人,She is a candidate for mayor.
cane,4,藤條；甘蔗,The old man walked with a cane.
canoe,4,獨木舟；划獨木舟,They paddled a canoe down the river.
capacity,4,容量；能力,The hall has a capacity of 500 people.
capital(ism),4,主要的；首都；資本,Paris is the capital of France.
capitalist,4,資本家,He is a successful capitalist.
cargo,4,貨物,The ship carried heavy cargo.
carrier,4,運送人；航空母艦,The aircraft carrier sailed into port.
carve,4,雕刻；開拓,He carved a bird from wood.
catalogue,4,目錄,I looked for the book in the catalogue.
category,4,類別,This book belongs in the history category.
cease,4,停止,The rain finally ceased.
celebration,4,慶祝,The celebration lasted all night.
chamber,4,房間；室,The heart has four chambers.
championship,4,冠軍稱號；錦標賽,Our team won the championship.
characteristic,4,特有的；特性,Patience is his best characteristic.
charity,4,慈善團體,She gives money to charity.
chemistry,4,化學；化學作用,He is good at chemistry.
cherish,4,珍惜,I cherish the time we spent together.
chew,4,咀嚼；深思,Chew your food slowly.
choke,4,窒息；阻塞,He began to choke on a piece of bread.
chorus,4,合唱隊,The chorus sang beautifully.
circular,4,圓形的,The table has a circular top.
circulate,4,循環；流通,Blood circulates through the body.
circulation,4,循環；流通；貨幣,Exercise improves blood circulation.
circumstance,4,情況；詳情,Under no circumstance should you open the door.
civilian,4,平民；文職人員,Many civilians were hurt in the war.
civilization,4,文明,Ancient civilization developed near rivers.
clarify,4,澄清,Could you clarify your question?
clash,4,衝突；發出鏗鏘聲,The two teams clashed in the final.
classification,4,分類,The classification of plants is complex.
classify,4,分類,We classify animals into groups.
claw,4,爪子；鉗；贅,The cat has sharp claws.
cliff,4,懸崖,They walked along the cliff.
clumsy,4,笨拙的,He is clumsy with tools.
coarse,4,粗糙的,The cloth feels coarse.
code,4,密碼；法典,The spy used a secret code.
collapse,4,崩塌,The old bridge collapsed.
colleague,4,同事,I had lunch with a colleague.
combination,4,聯合(體),The dish is a combination of sweet and sour.
comedy,4,喜劇,We watched a funny comedy.
commander,4,指揮者,The commander gave the order.
comment,4,評論,He made a helpful comment.
commerce,4,商業；交易,The city is a center of commerce.
commit,4,犯(罪)；把…託交給…,He committed a serious crime.
communication,4,溝通；訊息,Good communication is important.
community,4,社區；共同體,She helps her local community.
companion,4,夥伴；伴侶,The dog was his faithful companion.
competition,4,競賽；競爭,The competition was very strong.
competitive,4,競爭的,She is a competitive player.
competitor,4,競爭者,Each competitor ran fast.
complicate,4,使複雜化,Do not complicate the problem.
compose,4,作曲；組成,He composed a new song.
composer,4,作曲家；調停者,Mozart was a famous composer.
composition,4,作文；合成物,My composition got a high grade.
concentrate,4,專心,Please concentrate on your work.
concentration,4,專心；集中,Reading requires concentration.
concept,4,概念,The concept is difficult to explain.
concerning,4,關於,I have a question concerning your report.
concrete,4,具體的；混凝土,We need concrete evidence.
conductor,4,領導者；指揮,The conductor raised his baton.
conference,4,會議,She attended a medical conference.
confess,4,坦承,He confessed that he was wrong.
confidence,4,信心；自信,She spoke with confidence.
confusion,4,混亂；困惑,There was confusion after the announcement.
congratulate,4,恭喜,I congratulate you on your success.
congress,4,正式大會；立法機關,Congress passed the bill.
conquer,4,戰勝,The army conquered the city.
conscience,4,良心,His conscience told him to tell the truth.
consequence,4,結果；重要性,He must accept the consequence of his actions.
consequent,4,因…的結果而起的,The storm and consequent flood damaged crops.
conservative,4,保守的,He has conservative views.
consist,4,組成；存在於…,The team consists of six members.
consistent,4,一致的,Her work is consistent and reliable.
constitute,4,構成；制定,Twelve months constitute a year.
constitution,4,憲法；法規,The constitution protects free speech.
construct,4,建造,They plan to construct a new bridge.
construction,4,建造物；建設,The construction will take two years.
constructive,4,建設性的,She gave constructive criticism.
consult,4,與…商量,You should consult a doctor.
consultant,4,顧問；諮詢者,The company hired a business consultant.
consume,4,消耗；花費,The car consumes a lot of fuel.
consumer,4,消費者,The consumer has many choices.
container,4,容器,Put the rice in a plastic container.
content,4,滿足的,He felt content with his life.
content(ment),4,滿足的,She smiled with contentment.
contest,4,比賽；競爭,She won the singing contest.
context,4,上下文,The word has a different meaning in this context.
continual,4,不間斷的,The continual noise annoyed me.
continuous,4,連續的,The continuous rain caused flooding.
contrary,4,相反的,The result was contrary to our expectations.
contrast,4,對比,There is a sharp contrast between them.
contribute,4,捐獻；貢獻,Everyone can contribute to the project.
contribution,4,貢獻；捐獻,Her contribution was very valuable.
convenience,4,便利設施；方便,Please reply at your earliest convenience.
convention,4,慣例；會議,The convention was held in Tokyo.
conventional,4,慣例的；協定上的,He prefers conventional methods.
converse,4,談話,We conversed for hours.
convey,4,運輸；傳遞,Words cannot convey my feelings.
convince,4,說服,She convinced me to join.
cooperate,4,合作,The two groups agreed to cooperate.
cooperation,4,合作,Thank you for your cooperation.
cooperative,4,合作的,The children were very cooperative.
cope,4,競爭；妥善處理,She learned to cope with stress.
copper,4,銅；銅製的,The wire is made of copper.
cord,4,細繩；粗線,Tie the box with a strong cord.
correspond,4,符合；通信,His story corresponds with the facts.
costume,4,服裝；戲服,She wore a beautiful costume.
cottage,4,農舍；小屋,They live in a small cottage.
council,4,會議,The city council met yesterday.
counter,4,櫃檯；籌碼,Please pay at the counter.
courageous,4,勇敢的,It was a courageous decision.
courtesy,4,有禮的舉止,He showed great courtesy to every guest.
coward,4,懦弱的；懦夫,The coward ran away from the fight.
crack,4,爆烈聲；裂開,The ice began to crack under his feet.
craft,4,工藝；太空船,She is skilled in the craft of pottery.
creation,4,創作；萬物,The creation of the new park took years.
creativity,4,創造力,Art classes help develop creativity.
creep,4,躡手躡腳地走,He tried to creep into the room quietly.
critic,4,評論家,The critic praised the new film.
critical,4,關鍵性的；批判的,This is a critical moment for the company.
criticism,4,評論,Her criticism was fair and helpful.
criticize,4,批評,Do not criticize others too quickly.
cruelty,4,殘忍,The cruelty of the act shocked everyone.
crunchy,4,酥脆的,The apple was fresh and crunchy.
crush,4,弄碎；壓碎,The machine can crush rocks into powder.
cube,4,立方體,He put an ice cube in his drink.
cue,4,反芻的食物,The actor waited for his cue.
cunning,4,狡猾的；奸詐的,The cunning fox escaped the trap.
curiosity,4,好奇心,Curiosity led the child to open the box.
curl,4,捲髮；捲曲,She has beautiful curly hair.
curse,4,詛咒；咒罵,He cursed loudly when he missed the bus.
curve,4,曲線；使彎曲,The road curves to the left.
cushion,4,墊子,She put a soft cushion on the chair.
damp,4,潮溼的,The towel still feels damp.
deadline,4,截止期限,The deadline for the report is Friday.
declare,4,宣告；聲明,The government declared a state of emergency.
decoration,4,裝飾；裝溝,The Christmas decoration looked beautiful.
defeat,4,失敗；擊敗,Our team suffered a heavy defeat.
defend,4,防守；防衛,They fought to defend their country.
defense,4,防衛,The castle was built for defense.
defensible,4,可辯護的；站得住腳的,His position is defensible.
defensive,4,防護的；保衛的,He became defensive when criticized.
definite,4,明確的；肯定的,We need a definite answer by tomorrow.
delicate,4,纖弱的；雅緻的,The delicate glass broke easily.
delight,4,喻快,The children screamed with delight.
delightful,4,令人愉快的,We had a delightful evening together.
demand,4,請求；要求,The workers demand better pay.
demonstrate,4,證明；展示；遊行,The teacher demonstrated the experiment.
demonstration,4,驗證；示威運動,The students held a peaceful demonstration.
dense,4,密集的；稠密的,The forest was dark and dense.
depart,4,分離；啟程,The train will depart at six.
departure,4,分離；啟程,His sudden departure surprised us.
dependent,4,依賴性強的,Young children are dependent on adults.
depression,4,沮喪,He suffered from depression after losing his job.
deserve,4,應得,You deserve a reward for your hard work.
desperate,4,絕望的,She was desperate for help.
despite,4,儘管,Despite the rain we went out.
destruction,4,破壞,The war caused widespread destruction.
detective,4,偵探；偵查的,The detective solved the mystery.
determination,4,決心,Her determination helped her succeed.
device,4,裝置,This device measures temperature.
devise,4,策劃,They devised a clever plan.
devote,4,將…奉獻給,She decided to devote herself to medicine.
dew,4,露水,The grass was wet with dew.
diagram,4,圖表(解),The diagram shows how the machine works.
differ,4,不同於…,Their opinions differ on this issue.
digest,4,消化,It takes time to digest a heavy meal.
digital,4,數字式的,We live in a digital age.
dignity,4,尊嚴,He kept his dignity during the trial.
diligence,4,勤勉,Diligence is the key to success.
diligent,4,勤奮的,She is a diligent student.
diploma,4,學位證書,He received his diploma last June.
diplomat,4,外交官,The diplomat spoke three languages.
disability,4,無能,The building is accessible to people with a disability.
disadvantage,4,不利之條件,The main disadvantage is the high cost.
disappoint(ment),4,使失望,The result will disappoint many fans.
disaster,4,災難,The flood was a terrible disaster.
discipline,4,紀律,Good discipline is important in class.
discourage(ment),4,使洩氣；使沮喪,Do not let failure discourage you.
disguise,4,偽裝,He wore a disguise to avoid attention.
disgust,4,嫌惡；使厭惡,The dirty kitchen filled her with disgust.
dismiss,4,解散,The teacher dismissed the class early.
disorder,4,使混亂；騷亂,The room was in complete disorder.
dispute,4,爭論,They had a dispute over the property.
distinct,4,有區別的,There is a distinct difference between the two.
distinguish,4,識別,Can you distinguish between the twins?
distinguished,4,卓越的,He is a distinguished scientist.
distribute,4,分配,They distributed food to the victims.
distribution,4,分配；配給物,The distribution of wealth is unequal.
district,4,區域,She lives in a quiet district.
disturb,4,妨礙；打擾,Please do not disturb him while he works.
diverse,4,各種各樣的,The city has a diverse population.
diversity,4,多樣性,The school celebrates cultural diversity.
divine,4,神的；神聖的,They believed the king had divine power.
divorce,4,離婚,They decided to get a divorce.
dodge,4,避開,He dodged the ball quickly.
dominant,4,支配的,The company is dominant in the market.
dominate,4,支配,He tends to dominate the conversation.
draft,4,草稿,She wrote the first draft of the essay.
dread,4,害怕,I dread going to the dentist.
drift,4,漂流；漂浮物,The boat began to drift away.
drill,4,鑽頭；鑽床,The dentist used a drill on my tooth.
drowsy,4,昏昏欲睡的,The medicine made him feel drowsy.
durable,4,持久的,These shoes are durable and comfortable.
dusty,4,多灰塵的,The old room was dark and dusty.
dye,4,染料；染色,She used natural dye on the cloth.
dynamic,4,動力的；動態的,She has a dynamic personality.
dynasty,4,朝代,The Ming dynasty ruled for centuries.
earnest,4,認真的,He made an earnest effort to improve.
earphone,4,耳機,He put on his earphones and listened.
economic,4,經濟上的,The country faces serious economic problems.
economical,4,經濟的；節儉的,This car is very economical on fuel.
economics,4,經濟學,She studied economics at university.
economist,4,經濟學者,The economist predicted slow growth.
economy,4,節約；經濟,The economy is growing slowly.
efficiency,4,效率,The new system improved efficiency.
elastic,4,有彈性的,The waistband is elastic and comfortable.
electronics,4,電子學,He works in the electronics industry.
elegant,4,優雅的,She wore an elegant black dress.
elementary,4,基本的；初級的,He teaches at an elementary school.
eliminate,4,消滅；排除,We must eliminate waste in the process.
elsewhere,4,在別處,If you cannot find it here look elsewhere.
embarrass(ment),4,使出糢,His mistake caused him great embarrassment.
embassy,4,大使館,She went to the embassy for a visa.
emerge,4,浮現；顯露,The sun emerged from behind the clouds.
emphasis,4,強調,The school puts emphasis on reading.
empire,4,帝國；王權,The Roman empire was very powerful.
enclose,4,圍住；把(公文等)封入,Please enclose a photo with your application.
encounter,4,遭遇；衝突,We encountered many problems on the trip.
endanger,4,使瀕臨危機,Pollution can endanger wildlife.
endure,4,忍受,She had to endure great pain.
enforce(ment),4,實施,The police enforce traffic laws.
engineering,4,工程,He studies electrical engineering.
enlarge(ment),4,擴大,They plan to enlarge the kitchen.
enormous,4,巨大的,The elephant has an enormous body.
ensure,4,確保,Please ensure that the door is locked.
entertain(ment),4,娛樂,The show provided great entertainment.
enthusiasm,4,熱心,She showed great enthusiasm for the project.
equality,4,相等；平等；均等,We believe in equality for all people.
equip(ment),4,裝備以,The lab is equipped with modern equipment.
era,4,年代,We live in the era of technology.
essential,4,必要的；精華的,Water is essential for life.
establish(ment),4,建立,They established a new company.
estimate,4,估計；預計,We estimate the cost at one thousand dollars.
ethnic,4,種族的,The city has many ethnic groups.
evaluate,4,評估,Teachers evaluate students' progress.
evaluation,4,估算,The evaluation will take two weeks.
eventual,4,結果的,His eventual success surprised no one.
evidence,4,證據；物證,The police found new evidence.
evident,4,明顯的,It was evident that she was unhappy.
exaggerate,4,誇大,He tends to exaggerate his achievements.
exception,4,例外,Everyone was late with the exception of Tom.
exhaust,4,排出；排氣,The car exhaust is harmful to the air.
exhibit,4,展示,The museum will exhibit ancient coins.
expand,4,展開；擴大,The company plans to expand overseas.
expansion,4,擴展；膨脹,The expansion of the airport is complete.
experimental,4,實驗性質的,The treatment is still experimental.
explanation,4,解釋,He gave a clear explanation of the rule.
explosion,4,爆炸；劇變,The explosion damaged several buildings.
explosive,4,爆炸性的,The material is highly explosive.
expose,4,使暴露於,Do not expose the film to light.
exposure,4,暴露；陳列,Long exposure to the sun can hurt your skin.
extend,4,延伸,They decided to extend the deadline.
extent,4,程度；範圍,To some extent I agree with you.
facial,4,面部的；表面的,She uses facial cream every night.
facility,4,設備；能力,The hotel has excellent sports facilities.
faithful,4,忠誠的,A dog is a faithful friend.
fame,4,聲譽,His fame spread around the world.
fantastic,4,想像中的,The view from the top was fantastic.
fantasy,4,空想；幻想,She lives in a world of fantasy.
farewell,4,告別；告別詞,We held a farewell party for him.
fasten,4,繫緊；集中注意力,Please fasten your seat belt.
fatal,4,致命的,The accident was fatal for the driver.
favorable,4,贊同的；適合的,The weather is favorable for a picnic.
fax,4,傳真；傳真機,I will fax the document to you.
feast,4,盛宴；宴請,They prepared a great feast.
feedback,4,回饋；意見,Please give me some feedback.
ferry,4,擺渡；渡輸,We took a ferry across the river.
fertile,4,多產的；富饒的,The land here is very fertile.
fetch,4,去拿來,Could you fetch me a glass of water?
fiction,4,小說；虛構的事,This novel is a work of fiction.
fierce,4,兇猛的；猛烈的,The fierce dog scared the children.
finance,4,財政,He studies finance at university.
financial,4,財政的；金融的,The company is in financial trouble.
fireplace,4,壁爐,We sat by the fireplace.
flatter,4,諂媚；奉承,He tried to flatter his boss.
flea,4,跳蚤,The dog has a flea.
flee,4,逃走；逃離,The thief tried to flee from the police.
flexible,4,有彈性的,My work schedule is quite flexible.
fluent,4,流暢的,She is fluent in three languages.
flush,4,沖水；臉紅,Please flush the toilet.
foam,4,泡沬,The waves left white foam on the sand.
forbid,4,禁止；阻止,The law forbids smoking in public places.
forecast,4,預測；預言,The weather forecast says it will rain.
formation,4,形成；組成,The formation of the team took time.
formula,4,配方；客套話；準則,The scientist wrote a simple formula.
fort,4,堡壘,The old fort stands on the hill.
fortunate,4,幸運的,You are fortunate to have such friends.
fossil,4,化石；化石的,The museum has a dinosaur fossil.
foundation,4,建立；基金會,The foundation helps poor children.
founder,4,創立者；締造者,He is the founder of this company.
fragile,4,易碎的；脆弱的,Handle the glass carefully because it is fragile.
frame,4,架構,She put the photo in a wooden frame.
frequency,4,頻率；頻緊,The radio station changed its frequency.
freshman,4,新鮮人,He is a freshman at college.
frost,4,霜；凍,The frost covered the grass.
frown,4,皺眉；表示不滿,She began to frown at his words.
frustrate,4,使挫敗,The bad weather frustrated our plans.
frustration,4,挫折；沮喪,He felt frustration after failing again.
fulfill(ment),4,實現,She worked hard to fulfill her dream.
functional,4,起作用的,The machine is still functional.
fundamental,4,基礎的,Reading is a fundamental skill.
funeral,4,葬儀,Many people attended the funeral.
furious,4,狂怒的；猛烈的,He was furious about the delay.
furnish,4,裝備,They furnished the room with new chairs.
furthermore,4,此外,Furthermore I must add one more point.
gallery,4,畫廊；美術館,We visited an art gallery yesterday.
gaze,4,凝視；注視,She gazed at the stars.
gear,4,齒輪；搭上齒輪,He changed gear on the hill.
gender,4,性別,The form asks for your gender.
gene,4,基因；遺傳因子,Genes determine many of our traits.
generation,4,世代；產生,This generation grows up with technology.
generosity,4,慷慨,Her generosity surprised everyone.
genius,4,天賦；天才,Einstein was a scientific genius.
genuine,4,真誠的,He showed genuine concern for others.
germ,4,起源；細菌,Washing hands kills germs.
gifted,4,有天賦的,She is a gifted musician.
gigantic,4,巨人似的；龐大的,A gigantic wave hit the shore.
giggle,4,傻笑；咯咯笑,The girls began to giggle.
ginger,4,薑,She added ginger to the soup.
glimpse,4,看一眼；瞥見,I caught a glimpse of the actor.
globe,4,地球；球狀物,People travel all around the globe.
glorious,4,光榮的；輝煌的,The team won a glorious victory.
goods,4,貨物,The goods were delivered this morning.
gown,4,長禮服；長抱,She wore a beautiful evening gown.
grace,4,優雅,She moved with natural grace.
graceful,4,優美的,The dancer made a graceful turn.
gracious,4,和藹的；雅致的,Our host was kind and gracious.
graduation,4,畢業；畢業典禮,We celebrated our graduation last June.
grammar,4,文法,English grammar can be difficult.
grammatical,4,文法上的,There is a grammatical error in this sentence.
graph,4,圖表,The graph shows the sales trend.
grateful,4,感謝的,I am grateful for your help.
gratitude,4,感激,He expressed his gratitude with a letter.
grave,4,重大的；嚴肅的,The situation is very grave.
greasy,4,油膩的,The food was too greasy for me.
greeting(s),4,問候語,She sent warm greetings to everyone.
grief,4,悲傷；不幸,He was overcome with grief.
grind,4,磨；碾；壓,She used a machine to grind coffee beans.
guarantee,4,保證；擔保品,We guarantee the quality of our products.
guardian,4,監護人；管理員,His uncle became his legal guardian.
guilt,4,犯罪,He felt a deep sense of guilt.
guilty,4,有罪的；內疚的,The jury found him guilty.
gulf,4,海灣；深淵,The ship sailed across the gulf.
habitual,4,習慣的,He is a habitual latecomer.
halt,4,停止；暫停,The train came to a halt.
handwriting,4,書寫,Her handwriting is neat and clear.
hardship,4,艱難；困苦,They suffered great hardship during the war.
hardware,4,五金器具；硬體,We bought some hardware for the door.
harmony,4,協調,The two families live in harmony.
harsh,4,粗糙的；殘酷的,The harsh winter killed many plants.
haste,4,匆忙,In his haste he forgot his keys.
hasten,4,急忙,She hastened to answer the phone.
hatred,4,憎恨；敵意,His hatred for his enemy grew.
hawk,4,鷹,A hawk flew over the field.
helicopter,4,直昇機,The helicopter landed on the roof.
herd,4,獸群,A herd of cattle crossed the road.
hesitation,4,猶豫,She answered without hesitation.
hive,4,蜂巢,The bees built a hive in the tree.
homeland,4,祖國；家夠卜,They returned to their homeland.
honeymoon,4,蜜月假期,They spent their honeymoon in Hawaii.
hook,4,勾子；陷阱,He hung his coat on the hook.
horizon,4,地平線；眼界,The sun sank below the horizon.
horrify,4,使驚駭,The news horrified everyone.
hose,4,長統襪及短襪,He used a hose to water the garden.
household,4,家庭的,She manages the household well.
housework,4,家事；家務,I have a lot of housework to do.
humanity,4,人性；人文學科,The war showed both cruelty and humanity.
humidity,4,溼氣,The humidity makes the air feel heavy.
hurricane,4,颶風；暴風雨,The hurricane destroyed many homes.
hush,4,安靜；使安靜,A hush fell over the crowd.
hydrogen,4,氫,Water is made of hydrogen and oxygen.
identical,4,同一的,The two twins look identical.
identification,4,識別；身分證明,Please show your identification card.
identify,4,鑑定；識別,Can you identify the man in the photo?
idiom,4,慣用語,Learning an idiom takes practice.
idle,4,不做事的,He is idle and never helps.
idol,4,偶像,The singer is a teen idol.
ignorance,4,無知,His ignorance of the law caused trouble.
ignorant,4,無知的,She was ignorant of the facts.
illustrate,4,圖解；說明?,The teacher illustrated the idea with a picture.
illustration,4,圖解；說明?,The book has beautiful illustrations.
imaginary,4,想像中的,The child has an imaginary friend.
imaginative,4,想像的,She is an imaginative writer.
imitate,4,模仿,Children often imitate their parents.
imitation,4,偽造,The bag is a cheap imitation.
immigrant,4,移民,The immigrant learned a new language.
immigrate,4,遷移,They decided to immigrate to Canada.
immigration,4,移居,Immigration rules have become stricter.
impact,4,衝擊；產生影響,The news had a great impact on us.
imply,4,暗示,His words imply that he disagrees.
impose,4,強加；施加,The government imposed new taxes.
impression,4,印象,She made a good impression at the interview.
incident,4,事件；插曲,The incident was quickly forgotten.
including,4,包含·在內,Everyone was invited including Tom.
incredible,4,驚奇的,The magic show was incredible.
indication,4,跡象；指示,There is no indication of rain.
infant,4,嬰兒,The infant slept peacefully.
infection,4,感染,The wound caused a serious infection.
inflation,4,通貨膨脹,Inflation makes everything more expensive.
influential,4,有影響的,She is an influential politician.
informative,4,情報的,The lecture was very informative.
ingredient,4,組成部分,Flour is the main ingredient of bread.
initial,4,最初的,My initial reaction was surprise.
injure,4,傷害,He injured his knee while running.
innocence,4,清白；無知,The court proved his innocence.
input,4,輸入,Please provide your input on the plan.
insert,4,插入,Insert the coin into the machine.
inspection,4,檢查,The car passed the safety inspection.
inspiration,4,靈感,Nature is a source of inspiration.
inspire,4,鼓舞,Her story inspired many people.
install,4,安裝,They will install a new computer system.
instinct,4,本能；直覺,Animals act on instinct.
instruct,4,指導,The teacher instructed us to be quiet.
instructor,4,指導者；教練,My driving instructor was very patient.
insult,4,羞辱,He insulted her in front of everyone.
insurance,4,保險,You should buy travel insurance.
intellectual,4,知識分子；智力的,The debate attracted many intellectuals.
intelligence,4,智慧；情報工作,He has great intelligence and skill.
intend,4,打算,I intend to finish this today.
intense,4,強烈的,The heat was intense in July.
intensity,4,強烈；強度,The intensity of the storm increased.
intensive,4,加強的,She took an intensive English course.
intention,4,意圖；目的,I have no intention of quitting.
interact,4,互動,Students interact with each other in class.
interaction,4,互動,Social interaction is important for children.
interfere,4,妨礙；干預,Do not interfere in their argument.
intermediate,4,中問的,She is in the intermediate level class.
interpret,4,解釋；翻譯,Can you interpret this sentence for me?
interruption,4,阻礙；干擾,We worked without interruption.
intimate,4,親密的；熟悉的,They are intimate friends.
intuition,4,直覺,Her intuition told her something was wrong.
invade,4,侵略；侵犯,The army invaded the neighboring country.
invasion,4,入侵,The invasion caused a long war.
invention,4,發明；創造力,The telephone was a great invention.
invest(ment),4,投資；投入,He made a wise investment.
investigation,4,調查；研究,The police started an investigation.
involve(ment),4,使捲入,The job involves a lot of travel.
isolate,4,使孤立,The village was isolated by snow.
isolation,4,隔離,He lived in isolation for years.
issue,4,議題；發行,Climate change is a global issue.
jealousy,4,嫉妒,His jealousy ruined their friendship.
keen,4,熱衷的,She is keen on learning Spanish.
kettle,4,水壺,Put the kettle on for tea.
kneel,4,跪下,He had to kneel down to pray.
knob,4,節；瘤,Turn the knob to open the door.
labor,4,勞動；勞工,The workers provided cheap labor.
laboratory/lab,4,實驗室,We did the experiment in the lab.
lag,4,落後；延遲,The project began to lag behind schedule.
landmark,4,陸標,The tower is a famous landmark.
landscape,4,風景；景觀,The landscape was green and beautiful.
largely,4,大部分,The audience was largely young.
launch,4,發射；投擲,They will launch a new product.
lawful,4,法律上的,It is lawful to park here.
lean,4,傾斜；倚靠,He leaned against the wall.
learned,4,有學問的,She is a learned professor.
lecture,4,授課,The lecture lasted one hour.
lecturer,4,講演者；講師,The lecturer spoke about history.
legend,4,傳說,The story is an old legend.
leisurely,4,悠然的,We had a leisurely walk in the park.
lengthen,4,使延長,They decided to lengthen the meeting.
liar,4,說謊的人,He is a liar and a cheat.
librarian,4,圖書館員,The librarian helped me find the book.
license,4,許可；執照,You need a license to drive.
lifeguard,4,救生員,The lifeguard saved the drowning boy.
limitation,4,限制,Every plan has its limitation.
linen,4,亞麻布製品,She washed the linen sheets.
lipstick,4,口紅,She put on red lipstick.
liquor,4,含酒精的飲料,The store sells beer and liquor.
literary,4,文學的,He won a literary prize.
literature,4,文學,She studies English literature.
loan,4,借出,The bank gave him a loan.
lobster,4,龍蝦,We had lobster for dinner.
logic,4,邏輯,There is no logic in his argument.
logical,4,邏輯的,That is a logical conclusion.
loosen,4,放鬆,Loosen the screw with a tool.
lousy,4,不潔的；卑鄙的,The weather was lousy all week.
loyal,4,忠誠的,He is a loyal friend.
loyalty,4,忠誠,Her loyalty to the team never changed.
luxurious,4,豪華的,They stayed in a luxurious hotel.
luxury,4,奢侈,They live in luxury.
machinery,4,機械裝置,The factory uses heavy machinery.
magnetic,4,磁鐵的；帶磁性的,The magnetic field attracts metal.
magnificent,4,壯麗的,The palace was magnificent.
makeup,4,裝扮；化妝品,She wears little makeup.
manual,4,手冊；手動的,Read the manual before using the machine.
manufacture,4,製造業；製造,They manufacture cars in this factory.
manufacturer,4,製造者,The manufacturer recalled the product.
marathon,4,馬拉松賽跑,He ran his first marathon.
margin,4,邊綠,Write your notes in the margin.
maturity,4,成熟；完成,He shows great maturity for his age.
maximum,4,最大限度,The maximum speed is 60 miles per hour.
measurable,4,可測量的,The improvement was measurable.
measure(s),4,測量,We need to measure the room.
mechanic,4,技工；機械工,The mechanic fixed my car.
mechanical,4,機械的,The mechanical problem was fixed.
memorable,4,值得紀念的,It was a memorable trip.
memorial,4,紀念的；紀念品,They built a memorial for the soldiers.
memorize,4,背誦；記憶,Students must memorize these words.
merchant,4,商人,The merchant sold silk and spices.
mercy,4,慈悲,The king showed mercy to the prisoner.
mere,4,僅僅的,The mere thought made her smile.
merit,4,價值；長處,The plan has its own merit.
messenger,4,使者；信差,The messenger delivered the letter.
messy,4,凌亂的,His room is always messy.
microscope,4,顯微鏡,We looked at cells under a microscope.
mild,4,溫和的；順口的,The winter was mild this year.
mill,4,磨坊；碾碎,They took the grain to the mill.
millionaire,4,百萬富翁,He became a millionaire through hard work.
miner,4,礦工,The miner worked deep underground.
mineral,4,礦物,The country is rich in minerals.
minimum,4,最低限度；極小,You need a minimum of ten people.
minister,4,部長；外交使節,The foreign minister gave a speech.
ministry,4,牧師之職；內閣,He works for the Ministry of Education.
mischief,4,危害；淘氣,The child is full of mischief.
miserable,4,不幸的,He felt miserable after the failure.
misfortune,4,壞運氣；不幸,She had the misfortune to lose her keys.
mislead,4,誤導,The advertisement misled many people.
misunderstand,4,誤會,Please do not misunderstand my meaning.
moderate,4,中等的,We had moderate success.
modest,4,謙虛的,She is modest about her achievements.
modesty,4,謹慎；謙遜,He spoke with modesty.
monitor,4,監視器；監控,The nurse monitors the patient closely.
monument,4,紀念碑；紀念館,We visited a famous monument.
moreover,4,並且；此外,Moreover the plan is too expensive.
motivate,4,給與動機,Good teachers motivate their students.
motivation,4,動機,He lacks motivation to study.
mountainous,4,多山的,The country is mountainous and beautiful.
muddy,4,泥的；骯髒的,His shoes were muddy after the walk.
mule,4,騾子,The mule carried the heavy load.
multiple,4,多重的,The accident had multiple causes.
murderer,4,兇手,The murderer was caught by police.
murmur,4,私語,She murmured something I could not hear.
mutual,4,相互的,They have mutual respect for each other.
mysterious,4,神祕的,The old house has a mysterious atmosphere.
namely,4,也就是說,Only one student namely Tom was absent.
nationality,4,國籍,Please write your nationality here.
needy,4,非常貧窮的,The charity helps needy families.
neglect,4,忽視,He neglected his duties at work.
negotiate,4,談判,The two sides will negotiate a deal.
nevertheless,4,仍然；不過,It was hard nevertheless we continued.
nightmare,4,惡夢,The accident was a nightmare for her.
noble,4,高貴的；貴族的,He comes from a noble family.
nonsense,4,胡說,Do not talk nonsense.
nowadays,4,現在；今日,Nowadays most people use smartphones.
nuclear,4,核子的,The country has nuclear weapons.
numerous,4,許多的,There are numerous reasons for the delay.
nursery,4,育嬰室,The baby sleeps in the nursery.
nutritious,4,營養的,Fruit is a nutritious snack.
obedience,4,服從,The dog showed perfect obedience.
obedient,4,順從的；孝順的,The obedient dog followed every command.
objection,4,反對,She raised an objection to the plan.
objective,4,客觀的,A judge must be objective.
observation,4,觀察,His observation was careful and exact.
obstacle,4,障礙,Fear can be a major obstacle.
obtain,4,得到,She obtained a scholarship.
occasional,4,偶爾的,He pays occasional visits to his aunt.
occupation,4,職業；占用,Please state your occupation.
occupy,4,占領,The army occupied the city.
offend,4,冒犯；觸怒,I did not mean to offend you.
offense,4,罪過；冒犯,Stealing is a serious offense.
offensive,4,使人不愉快,His joke was offensive to many.
opera,4,歌劇,We went to the opera last night.
oppose,4,反對,Many people oppose the new law.
option,4,選擇權；選擇力,You have two options.
orbit,4,軌道；繞軌道運行,The satellite is in orbit around Earth.
orchestra,4,管絃樂團,The orchestra played beautifully.
orientation,4,方向；新生訓練,The school held an orientation for new students.
orphan,4,孤兒,The orphan was adopted by a kind family.
otherwise,4,除此之外,Hurry up otherwise we will be late.
outcome,4,結果,The outcome of the game was surprising.
outstanding,4,傑出的,She received an award for outstanding work.
oval,4,橢圓形的；橢圓形,She has an oval face.
overcoat,4,外套大衣,Put on your overcoat before going out.
overcome,4,克服,He overcame many difficulties.
overlook,4,俯視,The hotel overlooks the sea.
overnight,4,在昨夜,We stayed overnight at a hotel.
overthrow,4,打翻,The people tried to overthrow the king.
oxygen,4,氧,Plants release oxygen into the air.
pace,4,步；踱步,He walked at a fast pace.
panel,4,板,The panel discussed the issue.
parachute,4,降落傘,The pilot used a parachute to escape.
paragraph,4,段落,Read the first paragraph carefully.
partial,4,局部的,The repair was only partial.
participation,4,參與,Participation in class is important.
partnership,4,合夥,They formed a business partnership.
passive,4,被動的,He took a passive role in the meeting.
pasta,4,義大利麵,We had pasta for dinner.
paw,4,腳掌；腳爪,The cat hurt its paw.
peculiar,4,奇怪的,There was a peculiar smell in the room.
peep,4,窺視；偷看,She took a peep through the window.
peer,4,同輩,Teenagers care about peer pressure.
penalty,4,處罰,The penalty for cheating is severe.
percent,4,百分之…,About fifty percent of students agreed.
percentage,4,百分比,The percentage of women workers increased.
perfection,4,完備,She aims for perfection in her work.
perfume,4,香味；香水,The perfume smells like roses.
permanent,4,長久的,He found a permanent job.
persuasion,4,說服,He used gentle persuasion to change her mind.
persuasive,4,有說服力的,Her argument was very persuasive.
pessimistic,4,悲觀的,He is pessimistic about the future.
pest,4,害蟲,The farmer sprayed the pest.
phenomenon,4,現象,Rainbows are a natural phenomenon.
philosopher,4,哲學家,The philosopher wrote about truth.
philosophical,4,哲學的,They had a philosophical discussion.
philosophy,4,哲學,He studied philosophy at college.
photography,4,攝影術,She is interested in photography.
physical,4,身體的,Physical exercise keeps you healthy.
physician,4,內科醫生,The physician examined the patient.
physicist,4,物理學家,The physicist explained the theory.
physics,4,物理學,He teaches physics at school.
pickle,4,醃菜；醃漬,She made cucumber pickles.
pioneer,4,拓荒者；開拓,She was a pioneer in computer science.
plentiful,4,豐富,Food was plentiful at the party.
plot,4,情節；圖謀,The movie has an exciting plot.
plum,4,李子,The plum is sweet and juicy.
plumber,4,管子工,The plumber fixed the leaking pipe.
poisonous,4,有毒的,Some mushrooms are poisonous.
polish,4,波蘭的；波蘭人(語)的,She used polish on the table.
popularity,4,流行,The singer's popularity grew quickly.
portable,4,便攜的,I bought a portable radio.
portray,4,描繪,The painting portrays a young girl.
possess,4,擁有,He possesses great courage.
possession,4,擁有；財產,He lost all his possessions in the fire.
postage,4,郵資,The postage for this letter is two dollars.
potential,4,潛在的；僭能,She has great potential as a writer.
precise,4,精確的,Please give me the precise time.
predict,4,預言,Scientists predict warmer weather.
prediction,4,預言,His prediction came true.
pregnancy,4,懷孕,She took good care of herself during pregnancy.
pregnant,4,懷孕的,She is pregnant with her first child.
presentation,4,表演,Her presentation was clear and interesting.
preservation,4,保持,The preservation of old buildings is important.
preserve,4,保存,We must preserve the forest.
prevention,4,預防,Prevention is better than cure.
prime,4,首先的,Health is of prime importance.
primitive,4,遠古的,They lived in primitive conditions.
priority,4,居先；優先(權),Safety is our top priority.
privacy,4,獨處(狀況),Everyone needs some privacy.
privilege,4,特權,It is a privilege to work with you.
procedure,4,程序,Follow the correct procedure.
proceed,4,繼續進行,Please proceed with the plan.
productive,4,多產的,We had a productive meeting.
profession,4,職業,Teaching is a noble profession.
professional,4,專業的,He gave a professional performance.
profitable,4,有益的,The business is very profitable.
prominent,4,突起的,She is a prominent lawyer.
promising,4,大有希望的,He is a promising young athlete.
promotion,4,晉級,She received a promotion last month.
prompt,4,促使,The news prompted him to act.
pronunciation,4,發音,Her pronunciation is very clear.
proposal,4,計劃；建議,They accepted his proposal.
prosper,4,興旺,The town prospered after the road was built.
prosperity,4,發達,The country enjoyed years of prosperity.
prosperous,4,繁榮的,He lives in a prosperous city.
protein,4,蛋白質,Beans are a good source of protein.
protest,4,抗議,Students held a protest against the fees.
psychological,4,心理(上)的,The accident caused psychological damage.
psychologist,4,心理學家,She works as a child psychologist.
psychology,4,心理學,He studies human psychology.
publication,4,公布,The publication of the book was delayed.
publicity,4,眾人皆知,The movie received a lot of publicity.
publish,4,出版,They will publish his new novel.
publisher,4,出版社(者),The publisher accepted her manuscript.
pursue,4,追捕,The police pursued the stolen car.
pursuit,4,追趕,He gave up his pursuit of wealth.
quarrel,4,爭吵,They had a quarrel about money.
quilt,4,棉被；被子,She covered him with a warm quilt.
quotation,4,引語,He used a famous quotation in his speech.
radar,4,雷達,The plane was tracked by radar.
rage,4,發怒,He was in a rage after the argument.
rainfall,4,降雨,The rainfall this year was heavy.
raisin,4,葡萄乾,He added raisins to the cake.
realistic,4,理論的,We need a realistic plan.
rebel,4,反抗者,The rebel refused to obey.
recall,4,想出,I cannot recall his name.
reception,4,接收,The hotel reception is on the first floor.
recipe,4,食譜,This recipe is easy to follow.
recognition,4,承認,She received recognition for her work.
recovery,4,復原,He made a full recovery after surgery.
recreation,4,娛樂；消遣,Swimming is his favorite recreation.
recycle,4,使再循環；使回收使用,We should recycle paper and glass.
reduction,4,減少,The store offered a price reduction.
refer,4,起因於…,Please refer to page ten.
reference,4,委託,He gave a reference for my job application.
reflect,4,反射,The mirror reflects light.
reflection,4,反映,Her reflection showed in the water.
reform,4,改革,The government promised to reform education.
refugee,4,難民,The refugee fled from the war.
refund,4,退款,The store gave me a full refund.
refusal,4,拒絕,His refusal to help surprised us.
regarding,4,關於…,I have a question regarding the schedule.
register,4,記錄；登記,Please register for the course.
registration,4,記錄,Registration begins next Monday.
regulate,4,限制；控管,The law regulates food safety.
regulation,4,管理；限制,New regulations will take effect soon.
rejection,4,拒絕,His rejection of the offer surprised us.
relaxation,4,放鬆,Music is a good form of relaxation.
relevant,4,相關的,Please provide relevant information.
relieve,4,減輕(痛苦),This medicine will relieve your pain.
reluctant,4,不情願的；勉強的,She was reluctant to leave.
remark,4,論述；評論,He made a rude remark.
remarkable,4,該注意的,She has a remarkable memory.
remedy,4,治療,There is no easy remedy for this problem.
renew,4,回復,I need to renew my passport.
repetition,4,重覆,Repetition helps you remember words.
representation,4,象徵,The statue is a representation of freedom.
reputation,4,名聲,The school has a good reputation.
rescue,4,救助,The firefighter rescued the child.
research,4,研究,She does research on cancer.
researcher,4,研究員,The researcher published her findings.
resemble,4,和…相似,She resembles her mother.
reservation,4,保留,I made a hotel reservation.
resign,4,辭職,He decided to resign from his job.
resignation,4,辭職；辭呈,She handed in her resignation.
resistance,4,反抗,The plan met with strong resistance.
resolution,4,決心,My New Year resolution is to exercise.
resolve,4,決心；決定,They resolved the dispute peacefully.
respectable,4,可敬的,He is a respectable member of society.
respectful,4,尊重的,Be respectful to your elders.
restore,4,歸還,They restored the old church.
restriction,4,限制,There are restrictions on water use.
retain,4,保留；維持,The company hopes to retain its best workers.
retire(ment),4,退休,He plans to retire next year.
retreat,4,後退；撒退,The army was forced to retreat.
reunion,4,重新結合；聚會,We had a family reunion last summer.
revenge,4,報復,He wanted revenge for the insult.
revise,4,校正,I need to revise my essay.
revision,4,修正,The plan needs some revision.
revolution,4,革新,The computer caused a revolution in work.
revolutionary,4,革命(性)的,His ideas were revolutionary.
reward,4,報酬,She received a reward for her honesty.
rhyme,4,押韻；韻文,The poem has a simple rhyme.
rhythm,4,節奏,The music has a strong rhythm.
riddle,4,謎題,Can you solve this riddle?
robber,4,搶匪；盜賊,The robber was caught by the police.
romance,4,羅曼蒂克,Their romance began in college.
route,4,路線,This is the shortest route home.
ruin,4,毀滅,The flood ruined the crops.
rural,4,鄉村的,They live in a quiet rural area.
rusty,4,的鐵釘,The old gate was rusty.
sacrifice,4,犧牲,Parents often sacrifice for their children.
satellite,4,衛星,The satellite sends signals to Earth.
satisfaction,4,滿意,He smiled with satisfaction.
scarcely,4,幾乎不,He had scarcely any money left.
scenery,4,風景,The mountain scenery is beautiful.
scold,4,責備,She scolded the child for being late.
scoop,4,勺子；挖取,She used a scoop to serve the ice cream.
scratch,4,抓(傷),The cat scratched my hand.
sculpture,4,雕塑(品),The museum displays a marble sculpture.
secure,4,安全的,Keep your password secure.
seize,4,扣押,The police seized the illegal goods.
settler,4,移民,The settlers built a small town.
severe,4,嚴格的,The teacher is severe but fair.
sew,4,縫,She learned to sew her own clothes.
shade,4,陰蔭,We sat in the shade of a tree.
shady,4,遮蔭的,This is a shady spot to rest.
shameful,4,可恥的,His behavior was shameful.
shave,4,刮鬍子；剃,He shaves every morning.
shelter,4,避難所,They took shelter from the rain.
shift,4,變換,He works the night shift.
sightseeing,4,觀光,We went sightseeing around the city.
signature,4,簽字,Please put your signature here.
significance,4,重要性,The discovery has great significance.
sincerity,4,真誠,I trust his sincerity.
singular,4,單數的,The singular form of mice is mouse.
site,4,場所,The site was chosen for the new school.
sketch,4,素描,She drew a quick sketch of the house.
skyscraper,4,摩天大樓,The city is full of skyscrapers.
slight,4,輕微的,There is a slight difference between them.
slogan,4,口號,The company created a new slogan.
socket,4,插座,Plug the lamp into the socket.
software,4,軟體,The software is easy to use.
solar,4,太陽的,Solar energy is clean and renewable.
spade,4,鏟,He used a spade to dig the hole.
spare,4,多餘的；撥出,Can you spare some time to help?
spark,4,火花；引發,A spark started the fire.
spear,4,矛；用矛刺,The hunter carried a long spear.
species,4,種類,This species of bird is very rare.
spiritual,4,精神的；心靈的,She found spiritual peace in nature.
splendid,4,輝煌的,The palace looked splendid.
split,4,裂縫；(使)裂開,The board split in two.
sprinkle,4,灑；撒,Sprinkle some salt on the potatoes.
stab,4,刺；戳,He was stabbed in the arm.
statistic(s),4,統計數字；統計學,The statistics show a clear increase.
status,4,社會地位,Her status in the company has risen.
stem,4,莖；起源於,The problem stems from poor planning.
stereo,4,立體聲；立體音響器材,He bought a new stereo system.
stingy,4,小氣的,He is too stingy to buy a gift.
stocking(s),4,長襪,She hung stockings by the fireplace.
strengthen,4,加強,Exercise can strengthen your muscles.
stripe,4,條紋,The zebra has black and white stripes.
strive,4,奮鬥,We must strive for a better future.
stroke,4,一擊,He had a stroke last year.
submarine,4,潛水艇,The submarine dived under the water.
sue,4,控告,She decided to sue the company.
suggestion,4,提議,I have a suggestion for the project.
summarize,4,概述；總結,Please summarize the main points.
surgeon,4,外科醫師,The surgeon performed a difficult operation.
surgery,4,外科(手術),She needs surgery on her knee.
surrender,4,投降,The enemy refused to surrender.
surroundings,4,環境,The surroundings were quiet and peaceful.
suspicious,4,猜疑的,The police became suspicious of his story.
sway,4,使)搖動,The trees swayed in the wind.
syllable,4,音節,The word has three syllables.
sympathetic,4,有同情心的,She was sympathetic to my problem.
sympathy,4,同情心,I have great sympathy for the victims.
systematic,4,有系統的,He took a systematic approach to the problem.
technician,4,技術人員,The technician repaired the computer.
technological,4,工業技術的；科技的,Technological change is very fast.
telegraph,4,電報,The message was sent by telegraph.
telescope,4,望遠鏡,We looked at the stars through a telescope.
tendency,4,癖好,He has a tendency to talk too much.
tense,4,緊張的,The atmosphere in the room was tense.
tension,4,緊張,There was tension between the two groups.
terror,4,恐怖；恐懼,The attack filled the city with terror.
theme,4,主題,The theme of the party was summer.
thorough,4,徹底的,The doctor gave him a thorough check.
thoughtful,4,體貼的；沉思的,It was thoughtful of you to call.
tickle,4,搔癢,He tried to tickle the baby.
timetable,4,時間表,Check the train timetable.
timid,4,膽小的,The timid child hid behind his mother.
tolerable,4,可忍受的,The heat was barely tolerable.
tolerance,4,容忍；耐受度,We need tolerance for different opinions.
tolerant,4,寬容的,She is tolerant of other cultures.
tolerate,4,容忍,I cannot tolerate such rude behavior.
tomb,4,墳,They visited the ancient tomb.
tortoise,4,陸)龜,The tortoise moved slowly across the road.
torture,4,拷打；折磨,The prisoner suffered terrible torture.
tragedy,4,悲劇,The accident was a great tragedy.
tragic,4,悲慘的,The play tells a tragic story.
transfer,4,調動,He asked for a transfer to another office.
transform,4,轉變；使變形,The old factory was transformed into a museum.
translate,4,翻譯,Can you translate this into English?
translation,4,翻譯,The translation is accurate and clear.
translator,4,翻譯者,She works as a translator.
transportation,4,交通運輸,Public transportation is convenient here.
tremble,4,發抖,Her hands trembled with fear.
tremendous,4,極大的,The team made a tremendous effort.
tribal,4,部落的,They follow tribal traditions.
triumph,4,勝利；戰勝,The victory was a great triumph.
troublesome,4,令人討厭的,The troublesome noise kept us awake.
tumble,4,跌倒,He tumbled down the stairs.
twig,4,細枝,A small twig broke under his foot.
universal,4,普遍的；宇宙的,Music is a universal language.
urge,4,衝動；催促,I urge you to apply for the job.
urgent,4,緊急的,This is an urgent message.
usage,4,使用方法,The usage of this word is complex.
vacancy,4,空位,There is a vacancy at the hotel.
vain,4,無效的,All our efforts were in vain.
vast,4,廣闊的,The desert is vast and dry.
vegetarian,4,素食者,She has been a vegetarian for years.
vessel,4,船隻；容器,The vessel sailed across the sea.
violate,4,違背；侵犯,He violated the traffic rules.
violation,4,違反,Parking here is a violation of the law.
virtue,4,美德,Patience is a virtue.
virus,4,病毒,A virus caused the computer crash.
visual,4,視覺的,The visual effect was amazing.
vital,4,維持生命所必需的,Water is vital to all life.
voluntary,4,自願的,She does voluntary work at the hospital.
volunteer,4,志願者；自願,Many volunteers helped clean the beach.
voyage,4,航行,The voyage across the ocean took weeks.
waken,4,弄醒,Please do not waken the baby.
website,4,網站,You can find more information on our website.
welfare,4,福利,The government protects child welfare.
wink,4,眨眼,He gave me a friendly wink.
wit,4,機智；智慧,She is known for her quick wit.
witch/wizard,4,女巫,The witch flew on a broom.
withdraw,4,撤回；提款,He decided to withdraw from the race.
witness,4,目擊者,The witness told the police what happened.
workout,4,運動；健身,I do a short workout every morning.
workplace,4,工作場所,The workplace is friendly and safe.
wreck,4,殘骸；毀壞,The storm wrecked several boats.
yawn,4,打呵欠,He began to yawn during the movie.
youthful,4,年輕的,She has a youthful appearance.
abnormal,5,反常的,His abnormal behavior worried the doctor.
abolish,5,廢除,The government decided to abolish the old law.
abortion,5,墮胎,The debate about abortion divided the country.
abrupt,5,突然的；魯莽的,The car came to an abrupt stop.
absurd,5,荒唐的,The idea sounded absurd to everyone.
abundant,5,豐富的；充裕的,The region has abundant natural resources.
abuse,5,濫用；虐待,He was arrested for child abuse.
accelerate,5,加速,The car accelerated smoothly.
accessible,5,易接近的,The library is accessible to all students.
accommodate,5,容納；提供住宿,The hotel can accommodate up to 500 guests.
accommodation,5,住所,We found cheap accommodation near the station.
accord,5,符合,His actions accord with his words.
accounting,5,會計學,She is studying accounting at college.
acknowledge(ment),5,承認；致謝,She acknowledged her mistake at once.
acquaint,5,使熟悉；使認識,Please acquaint yourself with the new rules.
acquisition,5,取得；獲得物,The company announced the acquisition of a rival firm.
activist,5,行動主義者；積極分子,She is a well-known environmental activist.
acute,5,敏銳的,He felt acute pain in his chest.
administration,5,管理；行政,The administration announced a new policy.
administrative,5,行政的,She has an administrative job at the hospital.
administrator,5,行政官員,The administrator approved the new budget.
adolescent,5,青春期的；青少年,Many adolescent students worry about exams.
adore,5,崇拜；喜愛,Many children adore their grandparents.
adverse,5,反對的,The plan had adverse effects on the environment.
advocate,5,提倡者；擁護,She is an advocate for children's rights.
affection,5,愛情,He showed great affection for his grandmother.
agenda,5,議程,The next item on the agenda is funding.
aggression,5,侵略,The dog showed aggression toward strangers.
agony,5,痛苦,He was in agony after the accident.
agricultural,5,農業的,The region depends on agricultural exports.
aisle,5,通道,Please keep the aisle clear.
alcoholic,5,酒精飲料；含酒精的,The drink contains alcoholic ingredients.
alien,5,外國的,The customs seemed alien to me.
allergic,5,過敏的,I am allergic to seafood.
allergy,5,過敏性反應,She has a serious allergy to peanuts.
alliance,5,聯盟,The two countries formed an alliance.
allocate,5,撥給,The school will allocate funds to new books.
ally,5,盟友；結盟,The two nations became close allies.
alongside,5,靠著…旁邊,He worked alongside his brother.
alter,5,改變,We may alter the plan if necessary.
alternate,5,輪流的,We take alternate turns driving.
amend,5,修改,They voted to amend the constitution.
ample,5,充足的；寬敞的,There is ample time to finish the test.
analyst,5,分析家,The analyst predicted strong sales.
anonymous,5,不具名的,The donor wished to remain anonymous.
anticipate,5,預期；期待,We anticipate a rise in prices.
antique,5,年代久遠的,She collects antique furniture.
applause,5,掌聲,The audience gave loud applause.
appliance,5,器具；裝備,The kitchen appliance broke down.
apt,5,有…傾向的,He is apt to forget names.
architect,5,建築師；設計師,The architect designed a beautiful house.
architecture,5,建築學；建築風格,She studies modern architecture.
arena,5,活動場所(供運動、娛樂的),The concert was held in a large arena.
arouse,5,喚起,The news aroused public anger.
array,5,一長列,The store offers a wide array of goods.
arrogant,5,傲慢的,His arrogant attitude made him unpopular.
articulate,5,清楚的表達,She can articulate her ideas clearly.
ass,5,驢；蠢人,The farmer led the ass to the field.
assault,5,攻擊,He was charged with assault.
assert,5,斷言；主張,She asserted that the report was wrong.
assess(ment),5,評估,Teachers assess student progress every month.
asset,5,資產,Good health is a great asset.
assumption,5,假設,Your argument is based on a false assumption.
astonish(ment),5,使驚訝,The result will astonish everyone.
athletics,5,田徑運動,He won a medal in athletics.
attendance,5,出席；出席人數,Attendance at the meeting was very high.
attic,5,閣樓,We stored old boxes in the attic.
attorney,5,律師,The attorney asked a difficult question.
attribute,5,把……歸因於,She attributes her success to hard work.
auction,5,拍賣,The painting was sold at auction.
authorize,5,授權,Only the manager can authorize this payment.
autonomy,5,自治(權),The region wants greater autonomy.
awe,5,敬畏,The mountain filled us with awe.
backyard,5,後院,The children played in the backyard.
ballot,5,無記名投票,Voters cast their ballot in secret.
ban,5,禁止,The city decided to ban smoking indoors.
banner,5,橫幅；旗幟,They hung a banner above the gate.
barren,5,貧瘠的；不毛的,The land was dry and barren.
batch,5,一批；一群,She baked a fresh batch of cookies.
behalf,5,為了…的利益；代表,She spoke on behalf of the students.
belongings,5,所有物,Please take your personal belongings.
beloved,5,所愛的人,He is a beloved teacher.
beneficial,5,有益的,Regular exercise is beneficial to health.
betray,5,背叛,He would never betray a friend.
beware,5,當心,Beware of dogs at night.
bias,5,成見,The report showed a clear bias.
bid,5,出價；吩咐,He made a bid for the antique vase.
biological,5,生物(學)的,The lab studies biological changes.
bizarre,5,古怪的,She wore a bizarre hat.
blast,5,一陣疾風,The blast broke every window.
blur,5,使模糊,Tears began to blur her vision.
blush,5,臉紅,She began to blush when praised.
bodyguard,5,侍衛,The singer hired a bodyguard.
bolt,5,螺栓；閃電,He tightened the bolt with a tool.
bonus,5,紅利,The workers received a year-end bonus.
boom,5,隆隆聲；景氣,The city is experiencing a building boom.
boost,5,提升,The news gave his confidence a boost.
booth,5,售貨棚,We sat in a quiet booth.
boredom,5,無聊,The long speech filled me with boredom.
bound,5,很有可能的；準備前往…的,The train is bound for Taipei.
boundary,5,邊界,The river forms the boundary between the two towns.
boxer,5,拳擊手,The boxer trained hard for the match.
breakthrough,5,突破,Scientists made a major breakthrough.
briefcase,5,公事包,He carried a black briefcase.
bronze,5,青銅；青銅色的,She won a bronze medal in the race.
browse,5,噹食；瀏覽,I like to browse in bookstores.
bruise,5,瘀傷；使瘀傷,He got a bruise on his arm.
bulk,5,大量,The bulk of the work is done.
bully,5,恃強凌弱者,The bully frightened younger students.
bureau,5,局；處；署,She works for a travel bureau.
bureaucracy,5,官僚,Too much bureaucracy slows things down.
burial,5,埋葬,The burial took place at noon.
butcher,5,肉商,The butcher cut the meat carefully.
calcium,5,鈣,Milk is a good source of calcium.
canal,5,運河,The canal connects the two rivers.
canvas,5,帆布,The artist painted on canvas.
capability,5,能力,She has the capability to lead the team.
carbon,5,碳,Plants absorb carbon dioxide.
carnival,5,嘉年華會,The town holds a carnival every summer.
casino,5,賭場,He lost money at the casino.
cathedral,5,大教堂,They visited a famous cathedral in Europe.
caution,5,謹慎,Drive with caution in the rain.
cautious,5,小心的,She is cautious about lending money.
celebrity,5,名人(聲),The celebrity avoided the reporters.
cemetery,5,墓地,They visited the cemetery on Sunday.
ceremony,5,典禮；禮儀,The wedding ceremony was simple.
certainty,5,確定；必然的事,There is no certainty that he will come.
certificate,5,證書,She received a birth certificate.
chaos,5,無秩序狀態,The storm caused chaos in the city.
chapel,5,小教堂,They were married in a small chapel.
characterize,5,描繪……的特色；以……為特徵,Heavy rain characterizes the summer here.
chef,5,主廚,The chef prepared a delicious meal.
choir,5,合唱隊,She sings in the church choir.
chord,5,和弦,She played a simple chord on the guitar.
chore,5,家庭雜務,Washing dishes is a daily chore.
chronic,5,慢性的,He suffers from chronic pain.
chubby,5,圓胖的,The baby had chubby cheeks.
chunk,5,厚塊,He ate a chunk of bread.
circuit,5,電路；巡迴,The electric circuit was broken.
cite,5,引用；引述,The writer cited several studies in her paper.
citizenship,5,公民身分(權利),She applied for citizenship.
civic,5,市民的；公民的,Voting is a civic duty.
clarity,5,清晰,Her explanation had great clarity.
clause,5,子句；條款,The contract has a special clause.
cling,5,緊抓；依附,The child began to cling to his mother.
clinical,5,臨床的,The drug is now in clinical trials.
cluster,5,群,A cluster of stars appeared.
cocaine,5,古柯鹼,Police found cocaine in the car.
coffin,5,棺材,The coffin was carried into the church.
cognitive,5,認知的,Reading improves cognitive skills.
coherent,5,連貫的；有條理的,He gave a clear and coherent answer.
coincidence,5,巧合,It was a strange coincidence.
collaboration,5,合作,The project was completed through collaboration.
collective,5,集體的；集體,The team made a collective decision.
collector,5,收藏者,He is a stamp collector.
colonial,5,殖民地的,The building has colonial style.
columnist,5,專欄作家,She works as a newspaper columnist.
combat,5,戰鬥；對抗,The soldiers were ready for combat.
comedian,5,丑角式人物,The comedian made everyone laugh.
commentary,5,評述,The book offers political commentary.
commentator,5,評論家,The sports commentator spoke quickly.
commission,5,佣金；委託,The artist received a commission.
commitment,5,承諾,She showed great commitment to her job.
commodity,5,商品,Water is a valuable commodity.
communism,5,共產主義,The book explains the history of communism.
communist,5,共產主義的；共產主義者,He was a communist in his youth.
commute,5,通勤,I commute to work by train.
commuter,5,通勤者,The commuter missed the bus.
compact,5,緊密的,This compact car is easy to park.
comparable,5,可比較的,Their salaries are comparable.
compassion,5,同情；憐憫,She treated the poor with compassion.
compassionate,5,有同情心的,The nurse was kind and compassionate.
compatible,5,相容的,This software is compatible with my computer.
compel,5,強迫,The law can compel witnesses to testify.
compensate,5,賠償,The company will compensate the workers.
compensation,5,補償,He received compensation for his injury.
competence,5,能力,She showed competence in managing the project.
competent,5,有能力的,She is a competent and reliable worker.
complexity,5,錯綜複雜的事物,The complexity of the issue surprised us.
compliance,5,遵從；服從,Compliance with safety rules is required.
complication,5,糾葛,A serious complication delayed the surgery.
compliment,5,讚美；祝賀,He paid her a nice compliment.
comply,5,依從,All students must comply with the rules.
component,5,零件；成分,This component is missing from the machine.
compound,5,複合物；混合的,Water is a simple chemical compound.
comprehend,5,理解,I cannot comprehend his decision.
comprehension,5,理解(力),Reading comprehension is important for students.
comprise,5,包含；由……組成,The committee comprises ten members.
compromise,5,妥協(方案),Both sides reached a compromise.
compulsory,5,強制性的；必修的,English is a compulsory subject in many schools.
conceal,5,隱藏,He tried to conceal his anger.
concede,5,讓與,She refused to concede defeat.
conceive,5,認為；構想,It is hard to conceive of such a place.
conception,5,概念；構想,His conception of love changed over time.
condemn,5,譴責,Leaders around the world condemned the attack.
conduct,5,實施；行為,The school will conduct a survey.
confession,5,承認,The police recorded his confession.
confidential,5,機密的,Please keep this report confidential.
confine,5,限制；使侷限,The illness confined him to bed.
conform,5,遵從,Students must conform to school rules.
confront,5,面臨；對抗,She had to confront her fears.
confrontation,5,對質；對抗,The confrontation ended peacefully.
consecutive,5,連續的,It rained for three consecutive days.
consensus,5,多數人的意見,The group reached a consensus.
consent,5,同意,Her parents gave consent to the trip.
conservation,5,保護,Wildlife conservation is important.
considerate,5,設想周到的,It was considerate of you to help.
constitutional,5,憲法的,The court reviewed the constitutional issue.
constraint,5,限制,Time is a major constraint.
consultation,5,協商會,The doctor held a consultation.
consumption,5,消費,Fuel consumption has increased.
contagious,5,傳染性的,The disease is highly contagious.
contaminate,5,污染物,Chemicals may contaminate the water.
contemplate,5,深思,He sat down to contemplate his future.
contemporary,5,當代的；同時代的人,The museum shows contemporary art.
contempt,5,輕視,She looked at him with contempt.
contend,5,競爭；鬥爭,The teams contend for the prize.
continental,5,洲的；大陸的,They traveled across the continental United States.
contractor,5,立約人,The contractor built the new office.
contradiction,5,矛盾,There is a contradiction in his story.
controversial,5,有爭議的,The law is highly controversial.
controversy,5,爭議,The new law caused much controversy.
conversion,5,轉變；換算,The conversion of the old factory took years.
convert,5,轉換,They converted the barn into a house.
convict,5,證明有罪；囚犯,The court convicted him of theft.
conviction,5,堅定信念；判罪,She spoke with strong conviction.
coordinate,5,協調；座標,We need to coordinate our efforts.
copyright,5,版權,The book is protected by copyright.
core,5,核心,Honesty is at the core of our business.
corporate,5,公司的；企業的,He works for a large corporate office.
corporation,5,公司,She works for a large corporation.
correlation,5,關聯,There is a correlation between diet and health.
correspondent,5,通訊(記)者；一致的,He is a foreign correspondent.
corridor,5,走廊,The students waited in the corridor.
corrupt,5,腐敗的；敗壞,The corrupt official was arrested.
corruption,5,道德敗壞,The country suffers from corruption.
counsel,5,忠告,He gave me wise counsel.
counselor,5,輔導員；顧問,The school counselor gave him advice.
courteous,5,有禮貌的,The staff were polite and courteous.
coverage,5,報導；某事所包含的範圍,The news gave wide coverage to the event.
credibility,5,可信性,The scandal damaged his credibility.
creek,5,小溪,We walked along a small creek.
cripple,5,肢體殘障者,The accident crippled his left leg.
criterion/criteria,5,標準,Price is not the only criterion for choosing a car.
crucial,5,關鍵的；重要的,Sleep is crucial for good health.
crude,5,未加工製造的,They used crude tools to build it.
cruise,5,乘船遊覽,We took a cruise in the Caribbean.
crystal,5,水晶的,The glass shone like crystal.
cuisine,5,菜餚；烹飪,Italian cuisine is popular around the world.
currency,5,貨幣；流通,The local currency is very stable.
curriculum,5,課程,The school changed its curriculum.
custody,5,監管,The mother was given custody of the child.
customs,5,海關,We passed through customs at the airport.
deadly,5,致命的,The snake has a deadly poison.
debris,5,殘骸；碎片,Workers cleared the debris after the storm.
debut,5,初次登臺,The singer made her debut last night.
decay,5,腐敗；衰退,The old tree began to decay.
deceive,5,欺騙,He tried to deceive his parents.
decent,5,得體的,She earns a decent salary.
declaration,5,宣布；聲明,The declaration was signed by both sides.
decline,5,下降,Sales began to decline last year.
dedicate,5,奉獻,She decided to dedicate her life to music.
defendant,5,被告,The defendant denied all charges.
deficit,5,赤字,The government is facing a budget deficit.
defy,5,違抗,He dared to defy the teacher.
delegate,5,派…為代表,They chose a delegate to attend the meeting.
delegation,5,委任,A trade delegation visited Japan.
deliberate,5,故意的；審慎考慮,It was a deliberate attempt to cheat.
democrat,5,民主主義者,He is a democrat who supports reform.
denial,5,否認,His denial did not convince anyone.
density,5,密度,The population density is very high here.
depict,5,描繪,The painting depicts a quiet village.
deploy,5,布署,The army will deploy more troops.
depress,5,使沮喪,The sad news depressed everyone.
deputy,5,代理人；副手,The deputy took charge in her absence.
derive,5,衍生；獲得,Many English words derive from Latin.
descend,5,下降,The plane began to descend slowly.
descriptive,5,描述性的,The book gives a descriptive account of the city.
despair,5,絕望,He fell into deep despair after losing his job.
destination,5,目的地,Paris is a popular tourist destination.
destiny,5,命運,She believed it was her destiny to help others.
destructive,5,毀滅性的,The storm was very destructive.
devotion,5,奉獻,Her devotion to her family is strong.
diagnose,5,診斷,The doctor diagnosed him with flu.
diagnosis,5,診斷(法),The diagnosis was made after tests.
dialect,5,方言,They speak a local dialect.
diameter,5,直徑,The circle has a diameter of ten inches.
diaper,5,菱形花紋(布)；尿布,The baby needs a clean diaper.
digestion,5,消化作用,Good digestion requires healthy food.
dilemma,5,困境,She faced a difficult dilemma.
dimension,5,尺寸；範圍,The room has a small dimension.
diminish,5,減少,His influence began to diminish.
diplomatic,5,外交的,They found a diplomatic solution to the problem.
directory,5,工商人名錄,I found the number in the directory.
disapprove,5,不贊成,Her parents disapprove of the marriage.
disclose,5,露出,He refused to disclose the secret.
disconnect,5,使分離,Please disconnect the old printer.
discourse,5,論述；話語,The professor studies political discourse.
discriminate,5,辨別,It is wrong to discriminate against people.
discrimination,5,歧視；區別,The law forbids racial discrimination.
disrupt,5,擾亂,The noise disrupted the meeting.
dissolve,5,溶解,Sugar will dissolve quickly in hot water.
distinction,5,區別,There is a clear distinction between the two.
distinctive,5,獨特的,The bird has a distinctive song.
distract,5,使分心,Do not distract the driver.
doctrine,5,教義；學說,The church teaches a strict doctrine.
document,5,文件,Please sign this official document.
documentary,5,記錄片,We watched a documentary about whales.
domain,5,領域,This question belongs to another domain.
dome,5,圓頂,The dome of the building is made of glass.
donate,5,捐贈,They decided to donate money to charity.
donation,5,捐贈；捐贈物,Your donation will help many children.
donor,5,捐贈者,The donor asked to remain anonymous.
doorway,5,門口,He stood in the doorway and smiled.
dough,5,生麵團,She left the dough to rise.
dreadful,5,可怕的,The weather was simply dreadful.
driveway,5,私用車道,A car was parked in the driveway.
drought,5,乾旱,The drought lasted for many months.
ecological,5,生態的,The project may cause ecological damage.
ecology,5,生態學,He studies ecology at university.
ecosystem,5,生態系統,The forest is a complex ecosystem.
ego,5,自我,His ego was hurt by the criticism.
elaborate,5,精巧的；複雜的,They made an elaborate plan.
eligible,5,有資格的,She is eligible for the scholarship.
eloquent,5,雄辯的,He gave an eloquent speech.
embrace,5,擁抱；欣然接受,She embraced the chance to study abroad.
emission,5,散發,The factory reduced its carbon emission.
endorse(ment),5,贊同,The star endorsed the new product.
enterprise,5,企業；事業,He started a small business enterprise.
enthusiastic,5,有熱忱的,She is enthusiastic about teaching.
entitle,5,給……權利；命名,This ticket entitles you to a free drink.
entity,5,實體,The company is a separate legal entity.
entrepreneur,5,企業家,The young entrepreneur opened three shops.
envious,5,妒嫉的,He was envious of her success.
envision,5,想像；預見,We envision a peaceful future.
epidemic,5,流行病；流行的,The flu epidemic spread quickly.
episode,5,一集；一段插曲,This episode of the show was very funny.
equation,5,方程式,Solve the equation for x.
equity,5,公平；股權,The company values fairness and equity.
equivalent,5,相同的,This amount is equivalent to one dollar.
erect,5,豎立；直立的,They erected a statue in the park.
errand,5,差事；任務,I have to run an errand for my mother.
erupt,5,爆發,The volcano may erupt at any time.
escalator,5,電扶梯,Take the escalator to the second floor.
essence,5,本質；精華,Trust is the essence of friendship.
estate,5,地產；莊園,He inherited a large estate from his uncle.
eternal,5,永恆的,They promised each other eternal love.
ethic(s),5,倫理,Work ethic is important in business.
ethical,5,道德的；倫理的,The doctor made an ethical decision.
evolution,5,演化(論),The theory of evolution changed science.
evolve,5,使逐漸發展,The company evolved into a global brand.
exaggeration,5,誇張,That story is full of exaggeration.
exceed,5,超過,Do not exceed the speed limit.
exceptional,5,例外的；特殊的,She showed exceptional talent in music.
excessive,5,過度的,Excessive noise can damage your hearing.
exclaim,5,驚叫,He exclaimed in surprise.
exclude,5,排除,The price excludes tax and service.
exclusive,5,獨家的；排外的,The club is very exclusive.
execute,5,執行,The team will execute the plan tomorrow.
execution,5,執行；處決,The execution of the project took six months.
executive,5,執行的,She is a senior executive at the bank.
exile,5,放逐,The writer lived in exile for years.
exotic,5,異國風情的,They visited an exotic island.
expedition,5,探險(隊),The expedition reached the North Pole.
expertise,5,專業知識,We need someone with legal expertise.
explicit,5,清楚的,He gave explicit instructions.
exploit,5,利用；開發,Some companies exploit cheap labor.
exploration,5,研究,Space exploration costs a lot of money.
extension,5,伸長；延期,She asked for an extension of the deadline.
extensive,5,廣大的,The damage was extensive.
exterior,5,外部的,The exterior of the house needs paint.
external,5,外部的,The building needs external repairs.
extinct,5,絕種的,Many animals are now extinct.
extraordinary,5,異常的,She has an extraordinary memory.
fabric,5,布料；織品,This fabric feels soft and smooth.
fabulous,5,極好的；驚人的,We had a fabulous time at the party.
facilitate,5,促進；使容易,The new road will facilitate trade.
faculty,5,官能；技能,He joined the faculty of the university.
fascinate,5,使著迷,Ancient history fascinates me.
fatigue,5,疲勞,He was overcome by fatigue after the trip.
federal,5,聯邦的,The federal government passed a new law.
fiber,5,纖維,Vegetables are rich in fiber.
filter,5,過濾器；過濾,Please filter the water before drinking it.
fiscal,5,財政的,The company reported strong fiscal results.
fleet,5,艦隊；車隊,The navy sent a fleet to the area.
flexibility,5,彈性,Flexibility is important in a changing market.
flip,5,翻轉,She flipped the pancake in the pan.
fluency,5,流利,He speaks English with great fluency.
fluid,5,流體；流動的,The patient needs more fluid.
forge,5,打(鐵等),The blacksmith forged a strong sword.
format,5,格式；使格式化,Please format the report in a clear style.
forum,5,論壇,The website is a forum for young writers.
foster,5,培養；寄養的,Good teachers foster curiosity in students.
foul,5,犯規；惡臭的,The player committed a foul.
fraction,5,分數；一小部分,Only a fraction of the money was left.
fragment,5,碎片；未完成的部分,The vase broke into fragments.
framework,5,架構；框架,The theory provides a useful framework.
franchise,5,特許經營權,He bought a fast-food franchise.
fraud,5,詐欺,He was arrested for credit card fraud.
freight,5,貨運；運費,The train carries freight across the country.
frontier,5,邊境；尖端領域,Space is the final frontier.
galaxy,5,銀河系,Our galaxy contains billions of stars.
gasp,5,喘息,She gasped when she saw the snake.
gathering,5,聚會,It was a small family gathering.
generate,5,產生；引起,Wind can generate electricity.
generator,5,發電機,The generator failed during the storm.
genetic,5,基因的；遺傳的,The disease has a genetic cause.
genetics,5,遺傳學,Genetics explains many family traits.
genre,5,類型（文學、藝術）,This genre of music is very popular.
glare,5,發強烈的光,The sun glared through the window.
gloomy,5,黑暗的,The room felt dark and gloomy.
gorgeous,5,華麗的,She wore a gorgeous red dress.
grant,5,補助金；授予,The school received a research grant.
graphic,5,圖像的；生動的,The report gives a graphic description of the accident.
gravity,5,重力；萬有引力,Gravity pulls objects toward the earth.
greed,5,貪婪,His greed led him to steal.
grieve,5,使悲傷,She still grieves for her lost dog.
grill,5,烤,We decided to grill fish for dinner.
grim,5,嚴厲的,The doctor's face looked grim.
grip,5,緊握,He kept a tight grip on the rope.
gross,5,總的；粗俗的,The company's gross income increased.
guideline,5,指導方針,Follow the safety guideline carefully.
gut,5,腸；勇氣,It took guts to speak the truth.
habitat,5,棲息地,The forest is the natural habitat of many birds.
haul,5,拖,They had to haul the boat onto the shore.
hazard,5,危害；風險,Smoking is a serious health hazard.
heir,5,繼承人,He is the only heir to the fortune.
hence,5,因此,The road was closed and hence we were late.
herb,5,香草；藥草,She grows herbs in her garden.
heritage,5,遺產（文化、傳統）,The city is proud of its cultural heritage.
highlight,5,強調；重點,The report highlights the main problems.
hockey,5,曲棍球,They play hockey every winter.
honorable,5,榮譽的,He received an honorable mention.
horizontal,5,水平的,Draw a horizontal line across the page.
hormone,5,荷爾蒙,Hormone levels change during puberty.
hostage,5,人質,The bank robber took a hostage.
hostile,5,敵人的,The crowd became hostile.
hostility,5,敵意,There was open hostility between them.
housing,5,住房建築,The city needs more affordable housing.
howl,5,號叫,The dog began to howl at night.
hypothesis,5,假設,The scientist tested her hypothesis.
icon,5,圖示；偶像,Click the icon to open the file.
ideology,5,意識形態,The party has a clear ideology.
idiot,5,白癡,He felt like an idiot after the mistake.
illusion,5,幻覺；錯覺,The mirror creates an illusion of space.
immense,5,極大的,The project required immense effort.
immune,5,免除的,He is immune to chickenpox.
implement,5,實現,The school will implement the new policy.
implication,5,暗示；含意,The decision has serious implications.
impulse,5,衝動,He bought the car on impulse.
incentive,5,刺激,Tax cuts can be an incentive to invest.
incorporate,5,納入；合併,We will incorporate your ideas into the plan.
index,5,索引；指數,Check the index to find the topic.
indifferent,5,對…不感興趣,She seemed indifferent to his feelings.
indigenous,5,本土的；原住民的,The museum honors indigenous cultures.
indispensable,5,不可或缺的,Water is indispensable to life.
indulge,5,使滿足,He likes to indulge in chocolate.
inevitable,5,無可避免的,Change is inevitable in life.
infect,5,感染,The virus can infect both humans and animals.
infinite,5,無窮的,The universe seems infinite.
infrastructure,5,基礎建設,The country needs better infrastructure.
inherent,5,固有的；與生俱來的,There is an inherent risk in every investment.
inherit,5,繼承,She will inherit the house from her aunt.
initiate,5,開始；使入會,They plan to initiate a new program.
initiative,5,主動性；倡議,She showed great initiative at work.
inject,5,注射,The nurse will inject the medicine.
injection,5,注射,The nurse gave him an injection.
inning,5,（棒球）局,The team scored twice in the first inning.
innovation,5,革新；創新,Innovation drives economic growth.
innovative,5,創新的,The company is known for innovative products.
inquiry,5,詢問；調查,The police opened an inquiry into the case.
insane,5,瘋狂的,It is insane to drive so fast.
insight,5,洞察力；見解,The book offers insight into human nature.
installation,5,安置,The installation of the new system took hours.
institute,5,機構；設立,The institute studies climate change.
institution,5,機構；制度,Marriage is a social institution.
intact,5,未觸動的,The old building remains intact.
integrate,5,整合；使融入,Schools help students integrate into society.
integration,5,整合；融合,The integration of the two systems took months.
integrity,5,廉正,He is a man of great integrity.
intensify,5,強化,The storm began to intensify.
intent,5,目的,His intent was to help
interference,5,阻礙；干預,The government denied any interference.
interior,5,內部(的),The interior of the car is very clean.
interpretation,5,解釋；翻譯,Her interpretation of the poem was unique.
interval,5,間隔,There is a short interval between classes.
intervention,5,介入；干預,The government's intervention saved the bank.
investigator,5,調查者,The investigator asked many questions.
irony,5,反語,The irony is that he became a teacher.
journalism,5,新聞業,She decided to study journalism.
journalist,5,新聞記者,The journalist wrote a detailed report.
judicial,5,法庭的,The judicial system must be fair.
jug,5,水壺；罐,She filled the jug with cold water.
jury,5,陪審團,The jury found him not guilty.
justify,5,證明……為正當,Nothing can justify such cruelty.
juvenile,5,少年的,Juvenile crime has decreased.
kidnap,5,綁架,The gang tried to kidnap the rich man.
landlord,5,地主,The landlord raised the rent.
laser,5,雷射,The doctor used a laser during surgery.
lawmaker,5,立法者,The lawmaker proposed a new bill.
lawsuit,5,訴訟,The company faces a costly lawsuit.
layer,5,層；分層,A thick layer of dust covered the shelf.
league,5,聯盟,The two schools joined the same league.
legacy,5,遺產,He left a legacy of kindness.
legendary,5,傳奇的,He is a legendary football player.
legislation,5,立法,The government passed new legislation.
legislative,5,立法的,The legislative process can be slow.
legitimate,5,合法的；正當的,He has a legitimate reason to complain.
lest,5,以免；唯恐,Speak quietly lest you wake the baby.
liability,5,有義務,The old car became a liability.
likelihood,5,可能性,There is a high likelihood of rain.
likewise,5,同樣的,She smiled
loop,5,環形花狀,The road makes a large loop.
lounge,5,休息室；懶洋洋地坐或站,We waited in the airport lounge.
lump,5,塊狀物,He found a small lump on his neck.
mainstream,5,主流,His ideas entered the mainstream.
maintenance,5,維護；保養,The car needs regular maintenance.
mammal,5,哺乳動物,The whale is the largest mammal.
mandate,5,命令；授權,The new law gives the police a clear mandate.
manifest,5,顯示；明顯的,His anger was manifest to everyone.
manipulate,5,操縱,He tried to manipulate the results.
mansion,5,大廈；官邸,They live in a huge mansion.
marine,5,海洋的,The oil spill harmed marine life.
masculine,5,男性的；陽性的,The word has a masculine ending.
massage,5,按摩,She gave him a back massage.
massive,5,巨大的,The earthquake caused massive damage.
masterpiece,5,傑作；名著,The novel is a literary masterpiece.
mattress,5,床墊,The old mattress was very uncomfortable.
meantime,5,同時；其間,In the meantime please wait here.
mechanism,5,機制；機械裝置,The clock has a simple mechanism.
medication,5,藥物治療,He takes medication for his heart.
mentor,5,導師,My mentor gave me useful advice.
merge,5,合併,The two companies decided to merge.
metaphor,5,隱喻；比喻,The poem uses light as a metaphor for hope.
metropolitan,5,大都市的,He lives in a busy metropolitan area.
midst,5,在……之中,She remained calm in the midst of danger.
migration,5,遷移,Bird migration happens every autumn.
milestone,5,里程碑,The discovery was a milestone in medicine.
miniature,5,小型的；縮小模型,She collects miniature cars.
minimal,5,最低程度的,The damage was minimal.
minimize,5,使降到最低,We must minimize the risk of error.
mint,5,薄荷；鑄幣廠,She added fresh mint to the tea.
missionary,5,傳教士,The missionary worked in Africa.
moan,5,呻吟(聲),He let out a low moan.
mock,5,愚弄；嘲弄,Do not mock other people.
mode,5,模式；方式,The phone is in silent mode.
modify,5,修改,We may modify the design later.
molecule,5,分子,A water molecule has three atoms.
monopoly,5,壟斷；專利,The company has a monopoly on the market.
morality,5,道德,The novel raises questions about morality.
mortality,5,死亡率；必死性,Infant mortality has fallen in recent years.
mortgage,5,抵押貸款,They took out a mortgage to buy the house.
motive,5,動機,The police could not find a motive.
mount,5,山；騎上；安裝,He tried to mount the horse.
mumble,5,喃喃自語,He began to mumble an apology.
municipal,5,市政的,The municipal government repaired the road.
muscular,5,肌肉的,He has a strong muscular body.
mustard,5,芥末,She added mustard to the sandwich.
myth,5,神話,The story is an ancient Greek myth.
naive,5,天真的；樸素的,He was naive about business.
narrative,5,故事,The book tells a powerful narrative.
nasty,5,令人不快的；惡劣的,The weather turned nasty in the afternoon.
negotiation,5,談判；協商,The negotiation lasted for several hours.
neutral,5,中立的,The country remained neutral during the war.
nominate,5,提名某人；指派,They will nominate her for president.
nomination,5,提名；任命,His nomination surprised everyone.
nominee,5,被提名人,The nominee gave a short speech.
nonprofit,5,非營利的,She works for a nonprofit organization.
norm,5,規範；標準,Wearing a seat belt is the norm here.
noticeable,5,顯明的,There was a noticeable change in his mood.
notify,5,通知,Please notify me when you arrive.
notion,5,觀念；想法,He has a strange notion about success.
nowhere,5,任何地方都不,The lost keys were nowhere to be found.
nutrient,5,營養素,Fruit and vegetables contain important nutrients.
nutrition,5,營養；營養學,Good nutrition is essential for health.
obligation,5,義務,You have an obligation to tell the truth.
obscure,5,使暗；使不明顯；暗的；不明顯的,The meaning remains obscure.
observer,5,觀察者,The observer noted every detail.
odds,5,可能的機會,The odds of winning are very low.
offering,5,供品；提供物,The company announced a new offering.
olive,5,橄欖；橄欖色的,She added olive oil to the salad.
operational,5,操作的；管理的,The machine is now operational.
opponent,5,對手,He defeated his opponent easily.
opposition,5,反對,The plan met strong opposition.
opt,5,選擇,Many students opt for online courses.
optimism,5,樂觀；樂天,She faced the future with optimism.
optional,5,可選擇的；隨意的,This class is optional.
orchard,5,果園,The apple orchard is beautiful in spring.
organism,5,生物；有機體,A single organism can affect the whole ecosystem.
originality,5,創新；創造力,His work shows great originality.
outfit,5,裝備；用具,She bought a new outfit for the party.
outlet,5,出口；出路,Sports are an outlet for stress.
output,5,產出；輸出,The factory increased its output.
outsider,5,局外人,He felt like an outsider at the party.
overall,5,整體的；整體而言,The overall result was very good.
overhead,5,在頭頂上方的；經常性開銷,The overhead costs are too high.
oversee,5,監督,She will oversee the new project.
overtake,5,追上,The red car tried to overtake us.
overturn,5,使傾覆；推翻,The court overturned the decision.
overwhelm,5,壓倒；淹沒,The team was overwhelmed by the response.
parallel,5,平行的；相似之處,The two roads run parallel to each other.
participant,5,參與者；分享者,Each participant received a certificate.
particle,5,粒子；微粒,A dust particle floated in the air.
partly,5,部分地,The delay was partly my fault.
passionate,5,熱情的,She is passionate about music.
pastry,5,糕點,She bought a sweet pastry for breakfast.
patch,5,補丁；小塊地,He sewed a patch on his jacket.
patent,5,專利；獲得專利的,The company applied for a new patent.
pathetic,5,悲哀的,The lost dog looked pathetic.
patrol,5,巡邏,Police patrol the streets at night.
patron,5,贊助人,The patron supported many artists.
peasant,5,佃農,The peasant worked hard in the field.
pedal,5,踏板,He pressed the brake pedal.
pedestrian,5,行人,The pedestrian crossed the street safely.
penetrate,5,進入；看穿,The bullet can penetrate the wall.
pension,5,養老金,He lives on a small pension.
perceive,5,察覺；認為,I perceive a change in his attitude.
perception,5,知覺；看法,Public perception of the issue is changing.
performer,5,執行者；表演者,The performer amazed the audience.
persist,5,堅持,If the pain persists
personnel,5,全體人員；人事部門,The personnel department hired new staff.
perspective,5,透視(畫)法,Try to see it from my perspective.
pessimism,5,悲觀(主義),His pessimism made everyone sad.
petition,5,請願(書),They signed a petition against the plan.
petty,5,不重要的,Do not waste time on petty details.
phase,5,階段,The project is in its final phase.
photographic,5,攝影(用)的,She has a photographic memory.
pickup,5,接載；輕型卡車,He drives a small pickup truck.
pier,5,碼頭；橋墩,We walked along the pier at sunset.
pillar,5,柱子,The roof is supported by a stone pillar.
pipeline,5,管線,Oil flows through the pipeline.
pirate,5,海盜,The pirate ship sailed at night.
pitcher,5,大水罐；投手,The pitcher threw a fast ball.
placement,5,安置；配置,The school helps students with job placement.
plea,5,懇求,He made a plea for help.
plead,5,懇求；辯護,She began to plead for help.
pledge,5,發誓；保證,She pledged to support the project.
plunge,5,使突然陷入；跳入,The car plunged into the river.
plural,5,複數的；複數,The plural of child is children.
poetic,5,詩意的,The sunset had a poetic beauty.
poke,5,戳；刺,Do not poke the animal with a stick.
porch,5,門廊,We sat on the porch after dinner.
portfolio,5,文件夾；投資組合,He keeps his drawings in a portfolio.
practitioner,5,開業者,She is a medical practitioner.
precaution,5,預防措施,Take precaution against fire.
predator,5,掠食者,The lion is a powerful predator.
preference,5,偏愛,She has a preference for tea.
prejudice,5,成見,We must fight against prejudice.
preliminary,5,初步的；初步行動,The preliminary results look good.
premature,5,過早的,It is premature to make a conclusion.
premier,5,首相,The premier visited the flooded area.
premise,5,前提,The argument rests on a false premise.
premium,5,保險費,He pays a monthly insurance premium.
prescribe,5,開(樂方),The doctor prescribed some medicine.
prescription,5,藥方,Please take this prescription to the pharmacy.
presidency,5,總統(校長)的職位,She won the presidency by a small margin.
presidential,5,總統(校長)的,The presidential election is next month.
presumably,5,推測起來；大概,He is presumably still at work.
presume,5,推測；假定,I presume you have read the report.
prevail,5,盛行；獲勝,Justice will prevail in the end.
prey,5,獵物；捕食,The eagle hunted its prey.
prior,5,先前的；優先的,You need prior approval to enter.
proclaim,5,宣告；宣布,The king proclaimed a national holiday.
productivity,5,生產力,The new system increased productivity.
profile,5,側面像；輪廓,He changed his profile picture.
profound,5,深刻的；深奧的,The book had a profound effect on me.
progressive,5,不斷前進的,The company has a progressive attitude.
prohibit,5,禁止,The law prohibits smoking here.
projection,5,凸出物；設計；投影,The projection of the film was delayed.
prolong,5,延長,They decided to prolong the meeting.
prone,5,易於發生(不愉快事)的；有傾向的,He is prone to headaches.
propaganda,5,宣傳,The newspaper spread political propaganda.
prophet,5,先知,The prophet warned the people of danger.
proportion,5,比例,A large proportion of students passed.
prosecution,5,被)起訴,The prosecution presented new evidence.
prospect,5,期望,The prospect of moving excited her.
province,5,省；領域,She was born in a northern province.
provision,5,供應；條款,The contract has a special provision.
provoke,5,激怒,Do not provoke the dog.
pulse,5,脈搏,The nurse checked his pulse.
purchase,5,購買,She made a large purchase online.
pyramid,5,金字塔,We visited the ancient pyramids in Egypt.
qualify,5,使具有資格,She hopes to qualify for the final race.
quest,5,探索,His quest for knowledge never ends.
questionnaire,5,問卷,Please fill out this questionnaire before the interview.
quiver,5,顫抖,Her voice began to quiver with fear.
quota,5,配額,The company met its sales quota.
racism,5,種族主義,Racism has no place in a fair society.
rack,5,置物架,He put his suitcase on the luggage rack.
radiation,5,輻射,The workers were exposed to radiation.
radical,5,激進的；根本的,The plan requires radical change.
ragged,5,破爛的,The beggar wore ragged clothes.
raid,5,突擊,Police carried out a raid on the house.
rail,5,鐵軌；扶手,Hold the rail while going down the stairs.
rally,5,集合；開玩笑,Supporters held a rally in the city center.
ranch,5,牧場,They raise cattle on a large ranch.
random,5,隨機的,The winners were chosen at random.
ratio,5,比率,The ratio of boys to girls is two to one.
rational,5,理性的,She tried to make a rational decision.
rattle,5,使發出咯咯聲；使緊張,The wind made the windows rattle.
realism,5,現實主義,The novel is praised for its realism.
realm,5,領域；王國,That idea belongs in the realm of science.
rear,5,後面的；後方,The rear door of the car was open.
reassure,5,使安心,The doctor reassured the worried patient.
rebellion,5,造反,The rebellion was quickly stopped by the army.
recession,5,經濟衰退,Many people lost jobs during the recession.
recipient,5,接受者,She was the recipient of a special award.
recite,5,背誦；朗誦,The child recited a poem in class.
recommend,5,推薦；建議,I recommend this book to all students.
recommendation,5,推薦；建議,She wrote a strong recommendation for him.
recruit,5,招募,The company plans to recruit new staff.
refuge,5,避難；庇護,They found refuge in a small church.
regardless,5,不論；不管,She went ahead regardless of the risk.
regime,5,政權；制度,The old regime was finally overthrown.
rehearsal,5,排練；複述,The actors had a final rehearsal before the show.
reinforce,5,加強；增援,The teacher reinforced the main idea.
reminder,5,提醒物,The note was a reminder to call her.
removal,5,移除；除去,The removal of the stain took time.
render,5,使成為；提供（服務）,The accident rendered him unable to walk.
rental,5,租金；出租的,The rental car was parked outside.
repay,5,償還,He promised to repay the money next month.
republican,5,共和國的；共和主義者,The republican candidate gave a short speech.
resemblance,5,相似,There is a strong resemblance between the twins.
reservoir,5,蓄水池,The reservoir supplies water to the whole city.
residence,5,住宅；居住,The president's residence is heavily guarded.
resident,5,居民；居住的,He is a resident of this small town.
residential,5,住宅的,They live in a quiet residential area.
resort,5,前往,They decided to resort to legal action.
respondent,5,回應者；被告,The respondent refused to answer.
resume,5,重新開始,She will resume her studies next semester.
retail,5,零售；零售的(地),He works in the retail business.
revenue,5,收入；稅收,The company's revenue grew last year.
reverse,5,相反的；反轉,The car reversed slowly into the driveway.
rhetoric,5,修辭學,His speech was full of empty rhetoric.
rib,5,肋骨,He broke a rib during the football game.
ridge,5,山脊；脊,We climbed to the top of the ridge.
ridiculous,5,可笑的,That idea sounds completely ridiculous.
rifle,5,來福槍,The soldier carried a rifle.
rigid,5,僵硬的；嚴格的,The school has rigid rules.
rim,5,邊緣,She filled the glass to the rim.
riot,5,暴動,The city suffered a serious riot last year.
rip,5,撕裂,He accidentally ripped his shirt.
risky,5,有風險的,Investing in that company is risky.
ritual,5,儀式的)活動,The ceremony follows an ancient ritual.
rival,5,對手,She defeated her main rival in the final.
rod,5,桿；棒,He used a metal rod to open the box.
sacred,5,神聖的,This place is sacred to the local people.
saddle,5,馬鞍,He put the saddle on the horse.
saint,5,聖人,The church was named after a saint.
salmon,5,鮭魚,We had grilled salmon for dinner.
salon,5,沙龍；美容院,She goes to a hair salon every month.
sandal,5,涼鞋,She wore a pair of leather sandals.
scan,5,細看；掃描,He scanned the page for important information.
scandal,5,醜聞,The political scandal shocked the nation.
scar,5,疤痕,The scar on his leg never faded.
scenario,5,情境；劇本,Imagine a worst-case scenario.
scent,5,氣味；香味,The scent of flowers filled the room.
scheme,5,計畫；陰謀,They developed a scheme to raise money.
scope,5,範圍,The scope of the study is very wide.
scramble,5,爭搶；攀爬,The children scramble for the last piece.
scrap,5,碎片,He wrote the number on a scrap of paper.
script,5,原稿,The actor studied the script all night.
sector,5,部門；區域,He works in the private sector.
segment,5,部分；片段,This segment of the road is closed.
seminar,5,研討會,She attended a seminar on climate change.
senator,5,參議員,The senator gave a speech on education.
sensation,5,感覺,He felt a strange sensation in his arm.
sensitivity,5,敏感度,Her sensitivity to criticism surprised me.
sensor,5,感應器,The sensor detects movement at night.
sentiment,5,情感；情緒,Public sentiment turned against the plan.
sentimental,5,感情上的,The old song made her feel sentimental.
sequence,5,順序；連續,Please put the events in the correct sequence.
series,5,系列；一連串,The series has eight episodes.
server,5,伺服器；服務生,The server brought our drinks.
session,5,會議；一段時間,The training session lasted two hours.
setting,5,背景；設置,The story has a rural setting.
shareholder,5,股東,The shareholders voted on the merger.
shatter,5,使粉碎,The glass shattered on the floor.
shed,5,使流出,The lamp shed a warm light on the table.
sheer,5,純粹的,It was sheer luck that we met there.
sheriff,5,警長,The sheriff arrested the suspect.
shield,5,盾牌；保護,The knight raised his shield.
shiver,5,顫抖,She began to shiver in the cold wind.
shortage,5,短缺,There is a serious shortage of clean water.
shove,5,推擠,He gave the door a hard shove.
shrug,5,聳肩,She gave a shrug and walked away.
shuttle,5,接駁車；穿梭,The shuttle takes guests to the airport.
sibling,5,手足,He has a close relationship with his sibling.
siege,5,圍攻,The city was under siege for months.
skeleton,5,骨骸,The museum displayed a dinosaur skeleton.
skull,5,頭骨,The fall broke his skull.
slam,5,使勁關閉,She slammed the door in anger.
slap,5,一巴掌,He gave the mosquito a quick slap.
slavery,5,奴隸制度,The museum tells the history of slavery.
slot,5,投幣口；狹縫,Put the coin into the slot.
smash,5,猛撞；粉碎,The ball smashed the window.
smog,5,煙霧,The city was covered in thick smog.
snatch,5,搶,The thief tried to snatch her bag.
sneak,5,鬼鬼祟祟地走,He tried to sneak out of the room.
sniff,5,嗅；聞,The dog began to sniff the ground.
soak,5,浸泡,She likes to soak in a hot bath.
soar,5,翱翔；飆升,Prices continue to soar.
sob,5,啜泣,She began to sob quietly in the corner.
sober,5,清醒的,He was still sober after the party.
soften,5,使軟化,Warm water will soften the butter.
sole,5,腳底(板)；鞋底,The sole of my shoe is worn out.
solo,5,獨唱；單獨的,She performed a solo on the piano.
sophisticated,5,複雜精密的；老練的,She has a sophisticated taste in art.
sophomore,5,二年級生,He is a sophomore at the university.
souvenir,5,紀念品,I bought a small souvenir from Japan.
sovereignty,5,主權,The country declared its sovereignty.
sow,5,播(種),Farmers sow seeds in the spring.
spacious,5,寬敞的,The living room is bright and spacious.
sparkle,5,閃耀,The diamonds sparkle in the light.
specialist,5,專家,She is a specialist in heart disease.
specialize,5,專攻；專門研究,He decided to specialize in law.
specialty,5,專長；特產,Seafood is the specialty of this restaurant.
specify,5,明確指定,Please specify the date you need.
specimen,5,樣本；標本,The scientist examined the specimen.
spectacular,5,壯觀的,The view from the mountain was spectacular.
spectator,5,觀眾,The spectators cheered loudly.
spectrum,5,光譜；範圍,The survey covered a wide spectrum of opinions.
speculate,5,推測；投機,Reporters speculate about the cause of the fire.
sphere,5,球體；領域,She is famous in the political sphere.
spicy,5,辣的,This soup is too spicy for me.
spine,5,脊椎；書背,He injured his spine in the fall.
sponge,5,海綿,Use a sponge to clean the table.
sponsor,5,贊助(者),A local company will sponsor the event.
sponsorship,5,贊助,The event received corporate sponsorship.
spouse,5,配偶,You should discuss this with your spouse.
squad,5,爭吵,The police squad arrived quickly.
squash,5,南瓜；擠壓,She cooked squash for dinner.
squat,5,蹲下的；蹲,He had to squat to tie his shoes.
stability,5,穩定性,Political stability is important for growth.
stack,5,使成堆,Please stack the chairs against the wall.
stain,5,污漬；弄髒,The wine left a stain on the carpet.
stake,5,賭注；利害關係,Many jobs are at stake.
stall,5,攤位,We bought fruit at a market stall.
stance,5,立場；姿勢,The party changed its stance on taxes.
startle,5,使大吃一驚,The loud noise will startle the baby.
statistical,5,統計(學)的,The statistical data support his argument.
steer,5,駕駛,He steered the boat toward the shore.
stereotype,5,老套,That idea is just a stereotype.
stew,5,燉煮；燉菜,We had beef stew for lunch.
stimulate,5,刺激；激勵,Good teachers stimulate discussion.
stimulus,5,刺激(物),Low interest rates act as a stimulus.
stink,5,惡臭；發出臭味,The garbage began to stink.
stock,5,存貨；股票,The store has plenty of stock.
storage,5,儲存,We need more storage space for files.
straighten,5,清理,She bent down to straighten the rug.
straightforward,5,直接的；簡單的,The instructions are clear and straightforward.
strain,5,扭傷,He suffered a muscle strain while running.
strand,5,使擱淺；一縷（線）,The boat was stranded on the shore.
strap,5,帶子；皮帶,Fasten the strap around your waist.
strategic,5,戰略(性)的,The city is in a strategic location.
striking,5,顯著的；引人注目的,There is a striking difference between them.
structural,5,結構上的,The bridge has a structural problem.
stumble,5,絆倒；蹣跚而行,He stumbled over a stone.
sturdy,5,強健的,You need a sturdy pair of boots.
submit,5,提交,Please submit your report by Friday.
subsequent,5,隨後的,Subsequent events proved him right.
subsidy,5,補貼,The government provides a subsidy for farmers.
substantial,5,大量的；實質的,She made a substantial contribution.
substitute,5,代替品；替代,You can substitute honey for sugar.
subtle,5,微妙的,There is a subtle change in his tone.
suburban,5,郊區的,They moved to a suburban neighborhood.
successor,5,繼任者,She named her successor before leaving.
suite,5,套房；套裝,They stayed in a luxury suite.
superb,5,極好的,The food at the restaurant was superb.
superstition,5,迷信,It is only a superstition
supervise,5,監督,A teacher will supervise the exam.
supervision,5,監督,Children need adult supervision.
supervisor,5,監督人,My supervisor approved my leave request.
supposedly,5,據推測,He is supposedly the best player on the team.
supreme,5,至高的；最高的,The court has supreme authority.
surplus,5,剩餘；過剩的,The country has a trade surplus.
surveillance,5,監視,The police kept him under surveillance.
suspend,5,暫停；懸掛,The school will suspend classes tomorrow.
sustain,5,維持；支撐,The economy cannot sustain such growth.
sustainable,5,可持續的,We need sustainable energy sources.
swap,5,交換,Let us swap seats.
symbolic,5,象徵性的,The gift was symbolic of their friendship.
symptom,5,症狀,Fever is a common symptom of flu.
syndrome,5,症候群,The patient has a rare syndrome.
tackle,5,處理,We must tackle this problem together.
tactic(s),5,戰術；策略,The coach changed his tactics.
tangle,5,使纏繞；糾結,The wires began to tangle.
tempt,5,慫恿,The smell of cake tempted me to eat.
temptation,5,誘惑,She gave in to temptation and bought the dress.
terminal,5,終點；總站,We waited at the bus terminal.
terrify,5,使驚恐,The horror movie terrified the children.
testify,5,作證,Two witnesses will testify in court.
texture,5,質地；紋理,The fabric has a soft texture.
theft,5,偷竊,He was arrested for theft.
theology,5,神學,He studied theology at university.
theoretical,5,理論(上)的,The idea is only theoretical at this stage.
therapist,5,治療專家,She sees a therapist every week.
therapy,5,治療,She is receiving therapy for stress.
thereby,5,藉此；因此,He signed the deal thereby ending the dispute.
thesis,5,論文,He is writing his master's thesis.
thigh,5,大腿,He injured his thigh during the game.
threshold,5,門檻；開端,We are on the threshold of a new era.
thrill,5,使激動；興奮,The roller coaster gave us a real thrill.
thriller,5,驚悚小說（電影）,The movie is a tense thriller.
thrive,5,興旺,Small businesses thrive in this area.
throne,5,王座,The prince sat on the throne.
thrust,5,猛推；推力,He thrust the letter into my hand.
tick,5,滴答聲；打勾,The clock made a steady tick.
tile,5,瓷磚,The kitchen floor is covered with tile.
tin,5,錫；罐頭,He opened a tin of soup.
toll,5,通行費,We paid a toll to cross the bridge.
torch,5,火把；手電筒,She used a torch to find the path.
torment,5,折磨；痛苦,The memory continued to torment him.
tournament,5,錦標賽,She won the tennis tournament.
toxic,5,有毒的,The factory released toxic chemicals into the river.
trait,5,特徵；特質,Patience is an important trait.
traitor,5,叛徒,He was called a traitor by his country.
transaction,5,交易,The bank recorded every transaction.
transformation,5,轉變,The city has undergone a huge transformation.
transit,5,運輸,The goods were damaged in transit.
transition,5,過渡(期),The transition from school to work is difficult.
transmission,5,傳播,The transmission of the disease is very fast.
transparent,5,透明的,The glass is completely transparent.
trauma,5,精神創傷；外傷,He is still suffering from the trauma of the accident.
treaty,5,條約,The two countries signed a peace treaty.
tribute,5,致敬；貢品,The concert was a tribute to the singer.
trigger,5,扳機；引發,The news triggered a wave of protests.
trim,5,修剪,He went to trim the trees in the garden.
triple,5,三倍的；使成三倍,The company tripled its profits.
trivial,5,瑣碎的,Do not argue over trivial matters.
trophy,5,獎品,She lifted the trophy above her head.
tuition,5,學費,The tuition at that university is very high.
tumor,5,腫瘤,The doctor found a small tumor in his lung.
tuna,5,鮪魚,She made a tuna sandwich.
ultimate,5,最終的；根本的,Our ultimate goal is world peace.
uncover,5,揭露；發現,The report uncovered serious problems.
undergo,5,接受；經歷,She will undergo surgery next week.
undergraduate,5,大學肄業生,He is an undergraduate student in biology.
underline,5,在……下畫線；強調,Please underline the key words.
undermine,5,逐漸破壞；削弱,The scandal undermined public trust.
undertake,5,承擔,The company will undertake a major project.
undo,5,取消；解開,It is hard to undo the damage.
undoubtedly,5,無疑地,She is undoubtedly the best candidate.
unemployment,5,失業人數,Unemployment has risen in recent months.
unfold,5,展開；逐漸展現,The story unfolds slowly.
unlock,5,開啟,She used a key to unlock the door.
unprecedented,5,前所未有的,The storm caused unprecedented damage.
update,5,更新,Please update your address.
upgrade,5,提升,We decided to upgrade our computer system.
utility,5,公用事業；效用,The utility company raised prices.
utilize,5,利用,We should utilize our resources wisely.
vacuum,5,真空；空虛(感),The vacuum cleaner is broken.
vague,5,含糊的；模糊的,His answer was vague and unclear.
valid,5,有效的；合理的,Your ticket is valid for one month.
variable,5,易變的,The weather here is highly variable.
variation,5,變化,There is a small variation in price.
vein,5,靜脈；紋理,The nurse found a vein in his arm.
vendor,5,小販；供應商,The vendor sold fruit by the road.
venture,5,冒險(行為)；投機,He started a new business venture.
venue,5,場地；地點,The venue for the concert is downtown.
verbal,5,口頭的,We made a verbal agreement.
verdict,5,判決,The jury reached a guilty verdict.
version,5,版本,This is the latest version of the software.
versus,5,對抗；與……相對,It is a test of speed versus accuracy.
vertical,5,垂直的,The cliff is almost vertical.
veteran,5,老兵；資深者,He is a veteran of the war.
via,5,取道,We flew to Paris via London.
viable,5,切實可行的,The plan is not economically viable.
vicious,5,惡意的,He gave the dog a vicious kick.
viewer,5,觀眾；觀看者,The show attracted millions of viewers.
viewpoint,5,觀點,Try to understand his viewpoint.
vinegar,5,醋,She added vinegar to the salad.
virtual,5,虛擬的,Students attended a virtual class.
visa,5,簽證,I need a visa to visit that country.
vocal,5,發音的,She was very vocal about her opinions.
volcano,5,火山,The volcano erupted without warning.
vomit,5,嘔吐,He felt sick and had to vomit.
voucher,5,優惠券；憑證,You can use this voucher at the store.
vow,5,誓言,They made a vow to stay together.
vulnerable,5,脆弱的,Young children are vulnerable to illness.
warehouse,5,倉庫,The goods are stored in a warehouse.
warrior,5,戰士,The warrior fought bravely in battle.
wary,5,謹慎的；小心的,Be wary of strangers offering money.
weird,5,怪異的,That was a really weird dream.
whatsoever,5,任何的,He had no money whatsoever.
wheelchair,5,輪椅,She needs a wheelchair to move around.
whereabouts,5,在哪兒,The police do not know his whereabouts.
whereas,5,然而；反之,He likes coffee whereas she prefers tea.
whine,5,哀鳴；抱怨,The dog began to whine at the door.
widespread,5,普遍的；廣泛的,The disease is now widespread.
wig,5,假髮,The actor wore a white wig.
wilderness,5,荒野,They got lost in the wilderness.
wildlife,5,野生動物,The park protects local wildlife.
windshield,5,擋風玻璃,The windshield was covered with snow.
wither,5,枯萎,The flowers will wither without water.
witty,5,機智風趣的,She made a witty remark.
workshop,5,工作坊；研習會,He attended a writing workshop.
worship,5,崇拜,Many people worship in this temple.
worthwhile,5,值得的,It was a worthwhile experience.
worthy,5,值得…的,His efforts are worthy of praise.
yacht,5,帆船；遊艇,They sailed around the island on a yacht.
yield,5,出產,The farm yields a large amount of rice.
abbreviate,6,縮寫,You can abbreviate 'kilometer' to 'km'.
abide,6,遵守,You must abide by the rules of the game.
aboriginal,6,原住民的,The Aboriginal people have lived here for thousands of years.
abound,6,充滿；富於,Fish abound in this river.
abstraction,6,心不在焉／抽象概念,The idea is too much of an abstraction for young children.
abundance,6,豐富,There is an abundance of fresh fruit in summer.
academy,6,學院；學會,She studies at the art academy.
accessory,6,附件,This scarf is a useful accessory for winter.
acclaim,6,歡呼；歡呼聲,The film won critical acclaim around the world.
accordance,6,一致；依照,"In accordance with the law, he was fined."
accordingly,6,因此,The situation changed
accountable,6,負有責任的,Managers are accountable for their team's results.
accumulate,6,積累,Dust can accumulate quickly on old books.
accumulation,6,累積,The accumulation of snow blocked the road.
accusation,6,控訴,He denied the accusation of cheating.
accustom,6,使習慣,It takes time to accustom yourself to a new job.
acne,6,痤瘡；青春痘,Many teenagers suffer from acne.
acre,6,英畝,They bought a ten-acre farm in the countryside.
adaptation,6,適應；改編(本),The movie is an adaptation of a famous novel.
addiction,6,耽溺,He is receiving treatment for his addiction to gambling.
administer/administrate,6,管理；執行,He administers the company's finances.
admiral,6,海軍將官,The admiral commanded the fleet in the Pacific.
adolescence,6,青春期,Many changes happen during adolescence.
advisory,6,提供忠告的,The company issued an advisory about the storm.
aesthetic,6,美感的,The building has great aesthetic value.
affectionate,6,摯愛的；充滿深情的,She gave her mother an affectionate hug.
affiliate,6,分支機構；使隸屬,The company is an affiliate of a larger corporation.
affirm,6,肯定；斷言,He affirmed that the story was true.
airtight,6,密閉的,Store the food in an airtight container.
airway,6,航空公司；航線,The airline opened a new airway to Europe.
algebra,6,代數,Algebra is a branch of mathematics.
alienate,6,使不和,His rude behavior alienated his friends.
align,6,使排列整齊；使結盟,Please align the chairs in a row.
allege,6,聲稱,The police allege that he stole the money.
alligator,6,短吻鱷,An alligator was seen in the swamp.
altitude,6,高度,The plane is flying at a high altitude.
aluminum,6,鋁,The cans are made of aluminum.
ambiguity,6,意義含糊,The ambiguity of his answer confused us.
amid/amidst,6,在…當中,She smiled amid the noisy crowd.
amplify,6,擴大；放大,The microphone amplifies the speaker's voice.
analogy,6,相似,He drew an analogy between the heart and a pump.
analytical,6,分析的,She has an analytical mind.
anchor,6,錨；新聞主播,The ship dropped its anchor in the bay.
animate,6,使有生氣；賦予生命,The cartoon characters are animated by computers.
annoyance,6,惱怒；令人厭煩的事,His constant questions were an annoyance.
anthem,6,聖歌,The national anthem was played before the game.
antibiotic,6,抗生素,The doctor prescribed an antibiotic for the infection.
anticipation,6,期盼,The children waited in anticipation of the trip.
antonym,6,反義詞,'Hot' is the antonym of 'cold'.
applaud,6,鼓掌,The audience applauded the singer warmly.
applicable,6,適用的,This rule is not applicable to children.
apprentice,6,學徒,He worked as an apprentice to a carpenter.
approximate,6,大約的；接近,The approximate cost is one hundred dollars.
archaeology,6,考古學,She studied archaeology at university.
archive,6,檔案,The old letters are kept in the archive.
arithmetic,6,算術的,He is good at mental arithmetic.
ascend,6,上升；攀登,They began to ascend the mountain.
aspire,6,渴望；立志,She aspires to become a doctor.
assassinate,6,行刺,They plotted to assassinate the king.
asthma,6,氣喘,He uses an inhaler for his asthma.
astray,6,誤入歧途地,The guide led us astray.
astronaut,6,太空人,The astronaut walked on the moon.
astronomer,6,天文學家,The astronomer studied the stars.
astronomy,6,天文學,He has been interested in astronomy since childhood.
attain(ment),6,達到；獲得,She attained her goal through hard work.
attendant,6,服務員,The flight attendant served us drinks.
audit,6,稽核；審計,The company's accounts were audited.
auditorium,6,禮堂,The concert was held in the school auditorium.
avert,6,避免；防止,Quick action averted a disaster.
aviation,6,航空(學),He works in the aviation industry.
awesome,6,令人敬畏的；很棒的,The view from the top was awesome.
awhile,6,片刻；一會兒,Please wait awhile.
bachelor,6,單身漢；學士,He earned a bachelor's degree in history.
backbone,6,脊椎；骨幹,He has no backbone and gives in easily.
badge,6,徽章,The police officer showed his badge.
banquet,6,宴會,The wedding banquet was held in a large hall.
barbarian,6,野蠻人,The barbarian tribes attacked the village.
bass,6,低音部,He sings bass in the choir.
batter,6,毀損,The waves battered the small boat.
beautify,6,美化,They planted flowers to beautify the park.
beep,6,嗶嗶聲,The computer made a beep when it started.
beforehand,6,事先,Let me know beforehand if you can come.
beverage,6,飲料,Coffee is a popular beverage around the world.
bilateral,6,雙邊的,The two countries signed a bilateral agreement.
blaze,6,烈火；光輝,The blaze destroyed the old barn.
bleach,6,漂白劑；漂白,She used bleach to clean the bathroom.
blond/blonde,6,金髮的；金髮碧眼的人,The blonde woman smiled at me.
blot,6,污漬；弄髒,There was an ink blot on the paper.
blunt,6,鈍的；直率的,He gave a blunt answer.
bodily,6,身體的,He suffered bodily harm in the accident.
booklet,6,小冊子,The booklet contains useful information.
bosom,6,胸部；胸懷,She held the child to her bosom.
boulevard,6,林蔭大道,They walked along a wide boulevard.
boxing,6,拳擊,Boxing is a tough and dangerous sport.
boycott,6,抵制,The group decided to boycott the company's products.
brace,6,支撐物,He wore a brace on his injured knee.
brassiere/bra,6,胸罩,She bought a new bra.
breadth,6,寬度；廣度,The breadth of his knowledge impressed us.
breakdown,6,故障,The car had a breakdown on the highway.
breakup,6,分手；解散,The breakup of their marriage was sad.
bribe,6,賄賂,He was arrested for taking a bribe.
brink,6,邊緣,The company was on the brink of bankruptcy.
broaden,6,加寬,Travel can broaden your mind.
brochure,6,小冊子,The travel agency gave us a colorful brochure.
broil,6,燒烤,We decided to broil the fish.
brook,6,小河,A clear brook runs through the forest.
broth,6,肉湯；高湯,She made chicken broth for the soup.
brotherhood,6,兄弟情誼,They shared a strong brotherhood.
bulky,6,笨重的；龐大的,The bulky package was hard to carry.
bureaucrat,6,官僚,The bureaucrat processed the paperwork slowly.
bypass,6,旁道；繞過,We took the bypass to avoid the traffic.
caffeine,6,咖啡因,Coffee contains a lot of caffeine.
calculator,6,計算機,She used a calculator to solve the math problem.
calligraphy,6,書法,He practices Chinese calligraphy.
cape,6,披肩；海角,The hero wore a red cape.
capsule,6,膠囊,Take one capsule after each meal.
caption,6,說明文字,The caption under the photo explained the scene.
captive,6,被俘虜的,The captive soldiers were held in a camp.
captivity,6,囚禁,The wild animal was kept in captivity.
cardboard,6,紙板,The box is made of cardboard.
cardinal,6,紅衣主教,The cardinal led the religious ceremony.
carefree,6,無憂無慮的,She lived a carefree life in the countryside.
caretaker,6,照顧者；看管人,The caretaker looks after the building.
carton,6,紙盒；紙箱,She bought a carton of milk.
cashier,6,出納員,The cashier counted the money carefully.
casualty,6,傷亡者,The accident caused several casualties.
catastrophe,6,災難,The flood was a terrible catastrophe.
cater,6,承包伙食,The hotel will cater the wedding.
caterpillar,6,毛蟲,A caterpillar will become a butterfly.
cavity,6,蛀洞；腔,The dentist filled the cavity in my tooth.
celery,6,芹菜,She added celery to the soup.
cellular,6,細胞的；蜂巢式的,The cellular structure of the plant is complex.
Celsius,6,攝氏（溫標）,Water boils at 100 degrees Celsius.
cement,6,水泥；黏合,The workers mixed cement for the foundation.
census,6,調查,The government takes a census every ten years.
ceramic,6,陶器(藝)的,She bought a set of ceramic cups.
certify,6,證明；發證書,The doctor certified that he was fit to work.
chairperson/chair/chairman/chairwoman,6,主席；董事長,The chairperson opened the meeting.
champagne,6,香檳,They celebrated with a bottle of champagne.
chant,6,反覆吟誦；聖歌,The crowd chanted the team's name.
charitable,6,仁慈的,She is charitable to those in need.
checkup,6,檢查,He went to the doctor for a regular checkup.
chemist,6,化學家,The chemist developed a new medicine.
chestnut,6,栗子；栗色的,She roasted chestnuts on the fire.
chili,6,辣椒,He added chili to the sauce.
chimpanzee,6,黑猩猩,The chimpanzee is a clever animal.
chirp,6,（鳥、蟲）啁啾聲,The birds chirped in the morning.
cholesterol,6,膽固醇,Eating too much fat can raise your cholesterol.
cigar,6,雪茄,He smoked a cigar after dinner.
civilize,6,使開化,The teacher tried to civilize the wild children.
clam,6,蛤蜊,We dug for clams on the beach.
clasp,6,緊握；扣環,She clasped the necklace around her neck.
clearance,6,清除；許可,The store is having a clearance sale.
climax,6,高潮,The movie reaches its climax in the final scene.
clockwise,6,順時針方向的,Turn the knob clockwise to open the door.
clone,6,複製；複製體,Scientists cloned a sheep.
closure,6,關閉,The closure of the factory left many people jobless.
coalition,6,聯合,The two parties formed a coalition government.
coastline,6,海岸線,The country has a long and beautiful coastline.
collision,6,衝突,The collision between the two cars caused serious damage.
colloquial,6,口語的,Colloquial English is different from formal English.
comet,6,彗星,A comet appeared in the night sky.
commonplace,6,平凡的,Such mistakes are commonplace among beginners.
commonwealth,6,聯邦；國協,The Commonwealth is an association of nations.
communicative,6,愛說話的,She is a friendly and communicative person.
comparative,6,相比而言的,The comparative study showed clear differences.
compass,6,指南針；圓規,He used a compass to find the direction.
compile,6,編纂,They compiled a list of all the students.
complement,6,補足物,This wine is a perfect complement to the meal.
complexion,6,氣色,Her complexion looks healthy and bright.
comprehensive,6,廣泛的,The report gives a comprehensive analysis of the problem.
compute,6,估算；推算,The computer can compute the result quickly.
computerize,6,使電腦化,The company decided to computerize its records.
comrade,6,同伴,He fought alongside his comrades in the war.
concession,6,讓步,Both sides made concessions to reach an agreement.
concise,6,簡潔的,Please give a concise answer.
condense,6,使凝結(濃縮),You can condense the report into two pages.
confederation,6,同盟,The tribes formed a confederation for mutual protection.
congressman/congresswoman,6,國會議員,The congressman voted for the bill.
conquest,6,征服,The conquest of the city took three months.
conscientious,6,盡責的,She is a conscientious worker who never misses a deadline.
conserve,6,節約；保育,We must conserve water during the drought.
consolation,6,慰藉,His kind words were a great consolation to her.
console,6,安慰,She tried to console the crying child.
consonant,6,子音,"B, C, D are consonants."
conspiracy,6,陰謀,They were arrested for taking part in a conspiracy.
contention,6,爭論；論點,His contention was that the plan would fail.
contestant,6,參賽者,Each contestant had to answer three questions.
continuity,6,連續性,The continuity of the story was broken.
contradict,6,否認,He contradicted his earlier statement.
convene,6,召集,The chairman will convene a meeting tomorrow.
coral,6,珊瑚；珊瑚色的,The coral reef is full of colorful fish.
corpse,6,屍體,The police found a corpse in the river.
correspondence,6,通信；一致,They kept up a correspondence for years.
cosmetic,6,化妝品；美容的,She spends a lot of money on cosmetic products.
cosmetics,6,化妝品,She works for a cosmetics company.
counterpart,6,互相對應的人(物),The minister met his Japanese counterpart.
coupon,6,優待券,She used a coupon to get a discount.
courtyard,6,庭院,The children played in the courtyard.
cowardly,6,膽小的,It was a cowardly act to run away.
cozy,6,舒適的；溫馨的,The small room was warm and cozy.
crackdown,6,取締,The government launched a crackdown on illegal gambling.
cracker,6,薄脆餅乾,He ate crackers with cheese.
cram,6,填塞,He tried to cram all the books into one bag.
cramp,6,抽筋,She got a cramp in her leg while swimming.
crater,6,火山口；坑洞,The crater was filled with water.
credible,6,可信的,The witness gave a credible account of the accident.
crocodile,6,鱷魚,A crocodile was swimming in the river.
crossing,6,交叉口,Turn left at the next crossing.
crutch,6,拐杖,He walked with a crutch after the accident.
cub,6,幼獸,The lion cub stayed close to its mother.
cucumber,6,黃瓜,She added cucumber to the salad.
cultivate,6,耕作；培養,Farmers cultivate the land to grow crops.
cumulative,6,累積的,The cumulative effect of the drug can be harmful.
curb,6,抑制,The government took steps to curb inflation.
curfew,6,宵禁,The city imposed a curfew after the riots.
curry,6,咖哩食品,We had chicken curry for dinner.
customary,6,習慣上的,It is customary to shake hands when you meet.
cynical,6,憤世嫉俗的,He has a cynical view of politics.
dazzle,6,使目眩,The bright lights dazzled her eyes.
deafen,6,使聽不見,The loud music nearly deafened me.
decisive,6,果斷的,She made a decisive move to end the argument.
dedication,6,奉獻；投入,Her dedication to the job is admirable.
deduct,6,扣除,The tax will be deducted from your salary.
deem,6,視為,The plan was deemed a success.
default,6,預設；違約,He lost the case by default.
defect,6,缺點,The car has a small defect in the engine.
defiance,6,反抗；違抗,She acted in defiance of the rules.
definitive,6,決定性的；最終的,This is the definitive answer.
dental,6,牙齒的；齒音(的),She has a dental appointment this afternoon.
deplete,6,使枯竭,Overfishing can deplete the ocean's resources.
deprive,6,剝奪,The war deprived many children of their education.
descent,6,下降,The plane began its descent into the airport.
despise,6,藐視,He despised her for being dishonest.
destined,6,命中注定的,They were destined to meet.
detach,6,分開,You can detach the keyboard from the screen.
detain,6,拘留；耽擱,The police detained the suspect for questioning.
detention,6,拘留；留校察看,He got detention for being late.
deter,6,制止,The high price deterred many buyers.
detergent,6,洗潔劑,She used detergent to wash the dishes.
devour,6,狼吞虎嚥；吞沒,The hungry boy devoured his dinner.
diabetes,6,糖尿病,He has to watch his diet because of diabetes.
dictate,6,使聽寫；命令,The teacher dictated a passage to the class.
dictation,6,聽寫；命令,We had a dictation test today.
dictator,6,獨裁者,The dictator ruled the country with an iron fist.
dictatorship,6,獨裁統治,The country suffered under a dictatorship.
diesel,6,柴油,The truck runs on diesel.
differentiate,6,區分,It is hard to differentiate between the two twins.
diplomacy,6,外交,Diplomacy is often better than war.
directive,6,指令；指示,We received a directive from headquarters.
disable,6,使失去能力,The accident disabled him for life.
disastrous,6,多災多難的,The expedition was disastrous from the start.
disbelief,6,不相信,She stared at him in disbelief.
discard,6,摒棄,Please discard any old newspapers.
discharge,6,排出；釋放,The factory discharged waste into the river.
disciple,6,門徒,He was a faithful disciple of the great master.
disciplinary,6,紀律上的,The school took disciplinary action against the students.
disclosure,6,揭露,The disclosure of the secret caused a scandal.
discomfort,6,不舒適,He felt some discomfort after the surgery.
discreet,6,考慮周到的,She was discreet about her friend's secret.
disgrace,6,恥辱；使蒙羞,His behavior brought disgrace to the family.
dismay,6,使驚慌,The news filled everyone with dismay.
dispensable,6,可有可無的,This old chair is dispensable.
dispense,6,分配；發放,The machine dispenses drinks.
disposable,6,可丟棄的,They used disposable cups at the party.
disposal,6,處理；配置,The safe disposal of waste is important.
dispose,6,處理；配置,Please dispose of your trash properly.
dissent,6,異議；不同意,There was some dissent among the members.
distraction,6,分心；分散注意力的事物,Noise is a constant distraction.
distress,6,悲痛,The loss of her pet caused her great distress.
disturbance,6,干擾；騷動,The disturbance woke everyone up.
diversify,6,使多樣化,The company decided to diversify its products.
diversion,6,轉換,The road diversion took us through a small town.
divert,6,使轉向；轉移,The traffic was diverted to another road.
dividend,6,股息,The company paid a generous dividend to its shareholders.
doom,6,厄運；注定,The plan was doomed to fail from the beginning.
dormitory/dorm,6,學生宿舍,He lives in a university dormitory.
downward,6,向下的,The path led downward to the river.
downward/downwards,6,向下地,He looked downwards at his shoes.
doze,6,打瞌睡,He began to doze in front of the TV.
drastic,6,激烈的,The company had to take drastic measures to survive.
draught,6,草圖；草擬,The architect showed us the first draught of the building.
dresser,6,梳妝台,She put her jewelry on the dresser.
dressing,6,調味醬；敷料,She made a salad dressing with oil and vinegar.
dual,6,由兩部分構成的,The car has a dual purpose: family and work.
dubious,6,覺得可疑的,I felt dubious about his strange offer.
duration,6,持續,The duration of the flight is about three hours.
dusk,6,黃昏,We arrived at dusk.
dwarf,6,侏儒；矮小的,The dwarf stood no taller than a child.
dwell,6,居住,They dwell in a small village.
dwelling,6,住所；居住,The old dwelling was abandoned.
eccentric,6,古怪的(人),The eccentric old man talked to his cat.
eclipse,6,日、月)蝕,We watched the solar eclipse through special glasses.
edible,6,可食的；食用的,Are these mushrooms edible?
editorial,6,社論,The newspaper published an editorial about the new law.
electrician,6,電工；電氣技師,The electrician fixed the broken wires.
elevate,6,使提高,The platform was elevated above the ground.
emigrant,6,移民,The emigrant left his country to find a better life.
emigrate,6,移居國外,They decided to emigrate to Australia.
emigration,6,移居國外,Emigration to the city increased.
encyclopedia,6,百科全書,She looked up the word in an encyclopedia.
endeavor,6,努力；盡力,He endeavored to finish the work on time.
endowment,6,天資,He has a natural endowment for music.
endurance,6,耐力,Running a marathon requires great endurance.
enhance(ment),6,增加,The new paint enhanced the beauty of the room.
enlighten(ment),6,敵發,The book enlightened me about many things.
enrich(ment),6,使富裕,Travel can enrich your life in many ways.
enroll(ment),6,使加入；註冊,She decided to enroll in a French class.
equalize,6,使平等；使相等,The government tried to equalize opportunities.
equate,6,使相等；視為同等,People often equate money with happiness.
escort,6,護衛(者),The police escorted the witness to the court.
esteem,6,尊敬,We hold our teacher in high esteem.
eternity,6,永恆,The stars seem to last for eternity.
evacuate,6,撤離；疏散,The villagers were evacuated before the flood.
evergreen,6,常青樹(的),The pine is an evergreen tree.
evoke,6,喚起,The song evoked memories of my childhood.
examinee,6,應試者,Each examinee must bring a pencil.
examiner,6,主考人；審查員,The examiner asked me several questions.
excel,6,擅長,She excels in both math and science.
excerpt,6,摘錄,She read an excerpt from the novel.
excess,6,過量的；過剩,An excess of sugar is bad for you.
exclusion,6,排除,His exclusion from the team surprised us.
exempt,6,豁免(的)；被免除義務者,He is exempt from military service.
exert,6,運用；施加（影響力）,He exerted pressure on them to agree.
expenditure,6,支出；花費,The government's expenditure on health increased.
expiration,6,期滿；截止,The expiration date is on the label.
expire,6,期滿,My passport will expire next year.
extract,6,拔出；摘錄,The dentist had to extract the bad tooth.
extracurricular,6,課外的,She takes part in many extracurricular activities.
eyelash/lash,6,睫毛,She has long eyelashes.
eyelid,6,眼皮,The eyelid protects the eye.
eyesight,6,視力,His eyesight has gotten worse over the years.
fable,6,寓言；虛構的故事,The story of the tortoise and the hare is a fable.
faction,6,派系,The party split into two factions.
Fahrenheit,6,華氏（溫標）,Water freezes at 32 degrees Fahrenheit.
falter,6,搖晃；猶豫,His voice faltered as he spoke.
familiarity,6,熟悉,Familiarity with the subject is helpful.
fascination,6,著迷；魅力,She has a fascination with ancient Egypt.
feasible,6,可行的,The plan is not feasible.
feeble,6,虛弱的,The old man was feeble and needed help.
feminine,6,女性的；女性化的,The dress has a feminine style.
fertility,6,肥沃；生育力,The soil's fertility is important for farming.
fertilizer,6,肥料；促進發展者,The farmer spread fertilizer on the field.
fiancé/fiance,6,未婚夫（妻）,She introduced her fiancé to her parents.
fin,6,魚鰭,The fish uses its fins to swim.
finite,6,有限的,We have a finite amount of time.
firecracker,6,鞭炮,The children set off firecrackers.
fireproof,6,防火的,The safe is fireproof.
fishery,6,漁業；漁場,The fishery provides jobs for the town.
flake,6,薄片；剝落,A flake of snow landed on my hand.
flaw,6,瑕疵；缺點,There is a flaw in your argument.
flourish,6,繁榮興盛；茁壯成長,The business began to flourish.
flunk,6,不及格；當掉,He flunked the math test.
foe,6,敵人,He faced his foe bravely.
folklore,6,民俗；民間傳說,The story is part of local folklore.
formidable,6,令人望而生畏的；強大的,She is a formidable opponent.
formulate,6,制定；規劃,They formulated a new policy.
forsake,6,拋棄；放棄,He would never forsake his family.
forthcoming,6,即將到來的,The forthcoming election is important.
fortify,6,強化；加強防禦,They fortified the city walls.
fowl,6,家禽,They keep fowl for eggs and meat.
fracture,6,骨折；裂縫,He suffered a fracture in his leg.
fragrance,6,芬芳,The fragrance of flowers filled the room.
fragrant,6,芳香的,The fragrant flowers filled the garden.
frantic,6,發狂似的；驚慌失措的,She was frantic when she lost her keys.
freak,6,怪人；反常的,A freak storm hit the coast.
freeway,6,高速公路,We drove along the freeway for two hours.
friction,6,摩擦；摩擦力,Friction between the two groups increased.
fume,6,冒煙；發怒,He was fuming about the delay.
fury,6,狂怒,She was in a fury over the mistake.
fuse,6,保險絲；融合,The fuse blew and the lights went out.
fuss,6,小題大作；大驚小怪,Don't make a fuss over a small mistake.
gallop,6,疾馳；飛奔,The horse began to gallop.
gangster,6,歹徒；幫派分子,The gangster was arrested.
garment,6,衣服,She wore a beautiful garment.
gauge,6,標準度量,The gauge shows the amount of fuel left.
gay,6,同性戀的；愉快的,They are a gay couple.
geographical,6,地理學的,The geographical features of the area are varied.
geometry,6,幾何學,Geometry is my favorite math class.
glacier,6,冰河,The glacier is melting due to global warming.
glamorous,6,魅力四射的,She looked glamorous at the party.
glamour,6,魅力,The glamour of the movie star attracted many fans.
gleam,6,一絲光線,A gleam of light came through the window.
glide,6,滑行,The skater began to glide across the ice.
glitter,6,閃爍,The gold glittered in the sunlight.
gloom,6,陰暗；憂鬱,A feeling of gloom filled the room.
goalkeeper,6,守門員,The goalkeeper saved the penalty kick.
goodwill,6,善意,The gift was given as a gesture of goodwill.
gorilla,6,大猩猩,The gorilla is a powerful animal.
gospel,6,主義,He spread the gospel of peace and love.
grapefruit,6,葡萄柚,She had a grapefruit for breakfast.
graze,6,吃草；擦傷,The cows graze in the field.
grease,6,油脂,The mechanic removed the grease from his hands.
groan,6,呻吟,He let out a groan of pain.
growl,6,咆哮,The dog growled at the stranger.
grumble,6,發怨言,The workers began to grumble about the long hours.
hacker,6,駭客,The hacker broke into the computer system.
hail,6,歡迎,The crowd hailed the returning hero.
hamper,6,阻礙；妨礙,The bad weather hampered our progress.
handicap,6,障礙；不利條件,His lack of experience is a serious handicap.
handicraft,6,手工藝,She sells handicraft at the market.
harass(ment),6,騷擾,He was accused of sexual harassment.
harden,6,使變硬；使堅強,The cold weather hardened the ground.
harmonica,6,口琴,He played a tune on his harmonica.
harness,6,馬具,The horse was fitted with a leather harness.
haunt,6,常出沒於；縈繞心頭,The old house is said to be haunted.
headphone(s),6,耳機,She put on her headphones and listened to music.
healthful,6,有益健康的,A healthful diet includes fruits and vegetables.
hearty,6,衷心的；豐盛的,We had a hearty meal.
hedge,6,樹籬,They planted a hedge around the garden.
heighten,6,增高,The music helped heighten the tension in the scene.
hemisphere,6,半球,The Northern Hemisphere is colder in winter.
heroic,6,英勇的,His heroic actions saved the child.
heroin,6,海洛英,Heroin is a dangerous and illegal drug.
heterosexual,6,異性戀的,The survey asked about heterosexual and homosexual relationships.
hierarchy,6,階級組織,The company has a strict hierarchy.
hijack,6,劫取,The terrorists tried to hijack the plane.
hoarse,6,沙啞的,His voice was hoarse from shouting.
homosexual,6,同性戀,The novel tells the story of a homosexual couple.
honorary,6,榮譽的,She received an honorary degree.
hospitable,6,好客的,The local people were very hospitable to us.
hospitality,6,好客；殷勤款待,Thank you for your hospitality.
hospitalize,6,使住院,He was hospitalized for a week.
hostel,6,旅舍,We stayed at a cheap hostel during our trip.
hover,6,盤旋；徘徊,The helicopter hovered above the building.
humiliate,6,屈辱,He felt humiliated when he was criticized in public.
hunch,6,預感；直覺,I have a hunch that she is right.
hurdle,6,跨欄；障礙,The final hurdle is the exam.
hybrid,6,混合的；混合物,The car is a hybrid of gas and electric.
hygiene,6,衛生,Good hygiene is important to prevent disease.
hypocrite,6,偽君子,He is a hypocrite who says one thing and does another.
iceberg,6,冰山,Only the tip of the iceberg is visible.
illuminate,6,照亮,The streetlights illuminate the road at night.
imminent,6,逼近的,"The storm is imminent, so we should stay inside."
imperative,6,必要的；命令的,It is imperative that we leave now.
imperial,6,帝國的,The imperial palace is a major tourist attraction.
implicit,6,暗示的,There was an implicit warning in his words.
imposing,6,氣勢雄偉的,The imposing building dominated the skyline.
imprison(ment),6,監禁,He was sentenced to life imprisonment.
incline,6,傾向；使傾斜,I incline to agree with you.
inclusive,6,包含的；包容的,The price is inclusive of tax.
incur,6,招致,His careless remarks incurred the anger of his boss.
indifference,6,不關心,She showed complete indifference to his feelings.
indignant,6,憤慨的,He was indignant about the unfair treatment.
induce,6,誘使；引起,Nothing could induce him to change his mind.
industrialize,6,使工業化,The country began to industrialize in the 19th century.
infectious,6,傳染性的,The disease is highly infectious.
infer,6,推斷,"From his tone, I inferred that he was angry."
inflict,6,予以(打擊等),The storm inflicted heavy damage on the town.
inhabit,6,居住於,Many species inhabit the rainforest.
inhabitant,6,居民,The island has only a few hundred inhabitants.
injustice,6,不公正,He fought against social injustice.
inland,6,內陸的；內陸地,They traveled inland from the coast.
innumerable,6,無數的,There are innumerable stars in the sky.
inquire,6,詢問；查詢,She inquired about the train schedule.
insistence,6,堅持,His insistence on perfection annoyed us.
instinctive,6,本能的,Her reaction was instinctive.
intake,6,攝取量；納入,Reduce your intake of sugar.
intellect,6,理解力,She has a sharp intellect.
interpreter,6,口譯者,The interpreter translated for the foreign guests.
intersection,6,橫切,Turn right at the next intersection.
intervene,6,介入；干預,The teacher intervened in the argument.
intimacy,6,親密,The intimacy between them was obvious.
intimidate,6,脅迫,They tried to intimidate the witness.
intonation,6,語調,Her intonation showed that she was surprised.
intrigue,6,密謀；陰謀,The court was full of intrigue and betrayal.
intrude,6,侵入；打擾,I hope I am not intruding.
intruder,6,入侵者,The intruder was caught by the police.
invaluable,6,無價的；極珍貴的,Your advice has been invaluable.
invariably,6,始終如一地；總是,He is invariably late.
inventory,6,存貨；清單,The store takes inventory at the end of the month.
ironic,6,諷剌的,It is ironic that he became a teacher after failing school.
irritable,6,急躁的,He is often irritable when he is tired.
irritate,6,激怒,The smoke irritated my eyes.
isle,6,島；小島,They visited a small isle in the Pacific.
itch,6,發癢,My skin began to itch after the insect bite.
ivy,6,常春藤,Ivy covered the old wall.
jade,6,玉,The statue is made of jade.
janitor,6,工友；管理員,The janitor cleans the school at night.
jasmine,6,茉莉,The jasmine flowers smelled sweet.
jingle,6,叮噹聲,The bells made a jingle.
jockey,6,騎師,The jockey rode the horse to victory.
jolly,6,快活的；愉快的,He is a jolly old man.
joyous,6,快樂的,The joyous children ran happily in the park.
junction,6,連接,The accident happened at a busy junction.
kin,6,親屬；家人,His kin live in the countryside.
kindle,6,點燃；引發,The book kindled her interest in history.
knowledgeable,6,博識的,He is a knowledgeable professor.
lad,6,少年,The lad helped the old man cross the street.
landlady,6,女房束,The landlady collected the rent every month.
landslide,6,山崩,The heavy rain caused a landslide.
latitude,6,緯度,The latitude of this city is about 25 degrees north.
lavish,6,奢華的；大量的,They threw a lavish party.
layman,6,門外漢,He explained the theory in simple terms for the layman.
layout,6,版面設計；布局,The layout of the magazine is attractive.
lease,6,租約,They signed a two-year lease for the apartment.
legislator,6,立法者,The legislator proposed a new law.
lengthy,6,冗長的,The meeting was lengthy and boring.
lesbian,6,女同性戀者,The film tells the story of a lesbian couple.
lessen,6,減少,Exercise can lessen stress.
lethal,6,致命的,The poison is lethal to humans.
liable,6,應負責任的；易於……的,You are liable for any damage.
liberate,6,解放,The soldiers liberated the prisoners.
liberation,6,解放,The liberation of the city was celebrated.
lieutenant,6,陸軍中尉,The lieutenant gave orders to his troops.
lifelong,6,終生的,She has been a lifelong friend.
lighten,6,照亮,The lamp lightened the dark room.
limp,6,跛行,He walked with a limp after the injury.
liner,6,班機；客輪,The ocean liner crossed the Atlantic.
linger,6,逗留,The smell of fresh bread lingered in the kitchen.
lining,6,襯裡,The coat has a warm lining.
liter,6,公升,She bought a liter of milk.
literacy,6,識字；讀寫能力,The country has a high literacy rate.
literal,6,字面上的,Don't take his words in a literal sense.
literate,6,文雅的,She is a highly literate person.
livestock,6,家畜,The farmer keeps livestock on his land.
lizard,6,蜥蜴,A lizard ran across the hot rock.
locker,6,置物櫃,He put his books in his locker.
lodge,6,小屋；投宿,We stayed at a mountain lodge.
lofty,6,崇高的；高聳的,He has lofty ambitions.
logo,6,標識；商標,The company's logo is printed on the bag.
lonesome,6,寂寞的,He felt lonesome after his friends left.
longevity,6,長壽,Good diet and exercise promote longevity.
longitude,6,經度,The longitude of Taipei is about 121 degrees east.
lotion,6,外用藥水；化妝水,She applied lotion to her dry skin.
lottery,6,獎券；彩票,He won a small prize in the lottery.
lotus,6,蓮；忘憂樹,The lotus flowers bloomed in the pond.
loudspeaker,6,揚聲器,The announcement came through the loudspeaker.
lucrative,6,可獲利的；賺錢的,He started a lucrative business.
lullaby,6,搖籃曲,She sang a lullaby to the baby.
lunar,6,陰曆的；月亮的,The Lunar New Year is an important holiday.
lure,6,誘惑；誘餌,The store uses discounts to lure customers.
lush,6,茂盛的,The garden is lush and green.
madam/ma’am,6,夫人；太太；小姐,"May I help you, madam?"
magnify,6,擴大；誇大；誇獎,A microscope can magnify small objects.
maiden,6,少女,The maiden wore a beautiful white dress.
mainland,6,大陸,They traveled from the island to the mainland.
majestic,6,莊嚴的,The majestic mountains rose above the valley.
majesty,6,威嚴；王權,The queen was treated with great majesty.
manuscript,6,草稿；手稿,The author sent his manuscript to the publisher.
maple,6,楓樹,The maple leaves turn red in autumn.
mar,6,損毀；破壞,The scratches marred the table's surface.
marginal,6,空白處的；邊際的,The improvement was only marginal.
martial,6,軍事的,Martial arts require discipline and strength.
marvel,6,令人驚奇或驚喜的事物,The Great Wall is a marvel of engineering.
mastery,6,控制；熟練,He showed complete mastery of the piano.
mediate,6,調解；斡旋,The UN tried to mediate the conflict.
medieval,6,中古的；中世紀的,The castle was built in medieval times.
meditate,6,冥想；沉思,He meditates for twenty minutes every morning.
meditation,6,沉思；冥想,Meditation helps me relax and focus.
melancholy,6,悲哀；憂鬱,A melancholy mood filled the room.
mentality,6,智力；心性,He has a positive mentality about life.
merchandise,6,商品,The store sells a variety of merchandise.
mermaid,6,美人魚,The little girl dressed as a mermaid.
migrant,6,遷徙的；移民,Migrant workers often face difficulties.
mimic,6,模仿,He can mimic many famous voices.
mingle,6,混合,She mingled with the guests at the party.
miraculous,6,奇蹟般的,Her recovery was miraculous.
miscellaneous,6,各式各樣的,The box was full of miscellaneous items.
mischievous,6,頑皮的；惡作劇的,The mischievous boy hid his sister's toy.
mistress,6,女主人,The mistress of the house greeted us warmly.
mobilize,6,動員,The army mobilized its troops.
modernization,6,現代化,The modernization of the city took many years.
modernize,6,使現代化,The company plans to modernize its factories.
momentum,6,動量；動向,The campaign is gaining momentum.
monarch,6,君主,The monarch ruled for decades.
monetary,6,貨幣的,The monetary policy affects the economy.
monotony,6,單調,He hated the monotony of his daily routine.
monstrous,6,怪物的；恐怖的,The monstrous wave destroyed the village.
moody,6,情緒化的；喜怒無常的,He is moody and hard to please.
morale,6,士氣,The team's morale was high after the win.
mortal,6,必死的,All humans are mortal.
motherhood,6,母性,She found great joy in motherhood.
motto,6,箴言；座右銘,Our school motto is 'Learn and Serve'.
mound,6,土墩；小丘,There is a mound of earth in the garden.
mourn,6,悲悼,They mourned the loss of their friend.
mournful,6,悲傷的,The mournful music made everyone sad.
mow,6,割（草）,He mows the lawn every Saturday.
muse,6,繆思女神；詩興,The poet waited for his muse to inspire him.
mustache,6,鬚,He grew a thick mustache.
mute,6,沉默的,The boy remained mute throughout the meeting.
nag,6,不斷地挑剔,She would nag him about his messy room.
narrate,6,敘述,The actor will narrate the documentary.
narrator,6,敘述者；旁白,The narrator's voice was calm and clear.
nationalism,6,民族主義,Nationalism can lead to conflict.
navigate,6,航行；導航,He navigated the ship through the storm.
navigation,6,航行；導航,Navigation systems are common in cars.
nearsighted,6,近視的,He is nearsighted and needs glasses.
nickel,6,鎳,The coin is made of nickel.
nostril,6,鼻孔,The smell entered his nostrils.
notable,6,顯著的,She made a notable contribution to science.
notorious,6,惡名昭彰的,The criminal was notorious for his cruelty.
nourish(ment),6,滋養,A balanced diet provides good nourishment.
novice,6,新手,He is a novice at skiing.
nucleus,6,中心；核心,The nucleus is the center of an atom.
nude,6,裸體的,The artist painted a nude figure.
nurture,6,養育；教養,Parents should nurture their children with love.
oasis,6,綠洲,The traveler found an oasis in the desert.
oath,6,誓約；詛咒,He took an oath to tell the truth.
oatmeal,6,燕麥片；燕麥粥,She eats oatmeal for breakfast.
oblige,6,使有義務；迫使,I am obliged to help you.
obsess,6,使著迷；使困擾,He is obsessed with video games.
obstinate,6,頑固的,She is too obstinate to change her mind.
occurrence,6,發生；事件,Such accidents are a common occurrence.
octopus,6,章魚,The octopus has eight arms.
odor,6,氣味,A strange odor came from the kitchen.
offshore,6,近海的；離岸的,They built an offshore oil platform.
offspring,6,後代；後裔,They raised three offspring.
operative,6,運作中的；有效的,The new system is now operative.
oppress,6,壓迫；壓制,The government oppressed its people.
oppression,6,壓迫,They fought against political oppression.
ordeal,6,苦難；折磨,The hostages suffered a terrible ordeal.
orderly,6,有秩序的；井然有序,The crowd was orderly and calm.
organizer,6,組織者,She is the organizer of the event.
orient,6,使朝向東方,The building is oriented toward the south.
oriental,6,東方人；東方的,The oriental rug was very expensive.
originate,6,起源；發起,The idea originated in Japan.
ornament,6,裝飾,The Christmas tree was covered with ornaments.
orphanage,6,孤兒院,He grew up in an orphanage.
orthodox,6,正統的；傳統的,She follows orthodox religious practices.
ounce,6,盎司,Add two ounces of cheese.
outbreak,6,爆發；發生,The outbreak of the disease was sudden.
outgoing,6,外向的；即將離任的,She is friendly and outgoing.
outing,6,遠足,We went on an outing to the beach.
outlaw,6,罪犯,The outlaw was wanted by the police.
outlook,6,展望；看法,His outlook on life is positive.
outnumber,6,比·多,The enemy outnumbered us two to one.
outrage,6,暴行,The outrage shocked the whole nation.
outrageous,6,駭人的；暴虐的,The price of the dress was outrageous.
outright,6,完全的；直接地,He denied the charge outright.
outset,6,開始,"From the outset, the plan was doomed."
outskirts,6,邊界；市郊,They live on the outskirts of the city.
outward,6,外面的；肉體的,He showed no outward sign of emotion.
outward/outwards,6,外面的；肉體的,The door opens outwards.
overdo,6,做太多或過份,Don't overdo the exercise at first.
overflow,6,氾濫；溢出,The river overflowed after the heavy rain.
overhear,6,偷聽；無意中聽到,I overheard them talking about the surprise.
overlap,6,部分重疊；部分相同,The two subjects overlap in some areas.
overwork,6,操勞過度,He became sick from overwork.
oyster,6,牡蠣,Oysters are often served raw.
ozone,6,臭氧,The ozone layer protects us from the sun.
packet,6,小包；包裹,He opened a packet of cookies.
paddle,6,槳；划船,They paddled the canoe down the river.
paperback,6,平裝書,I bought a cheap paperback.
paradox,6,矛盾；似非而是的說法,It is a paradox that he is rich but unhappy.
paralyze,6,使麻痺；使癱瘓,The accident paralyzed him from the waist down.
parliament,6,國會；議會,The parliament passed the new law.
pastime,6,消遣；娛樂,Reading is my favorite pastime.
patriot,6,愛國者,The patriot fought for his country's freedom.
patriotic,6,愛國的,She wrote a patriotic song.
peacock,6,孔雀,The peacock spread its colorful tail.
pebble,6,鵝卵石,He picked up a smooth pebble.
peek,6,偷看；窺視,She peeked through the curtains.
pending,6,懸而未決的；即將發生的,The decision is still pending.
peninsula,6,半島,The peninsula is surrounded by water.
perch,6,棲木；高而安全的地位,The bird perched on a branch.
peril,6,危險,The sailors were in great peril.
perish,6,毀滅；死亡,Many animals perished in the fire.
permissible,6,可允許的,It is not permissible to smoke here.
persevere,6,堅持不懈,She persevered despite many difficulties.
persistence,6,堅持；毅力,His persistence finally paid off.
persistent,6,堅持的,Her persistent efforts finally paid off.
petrol,6,汽油,The car ran out of petrol.
petroleum,6,石油,Petroleum is used to make gasoline.
pharmacist,6,藥劑師,The pharmacist gave me the medicine.
pharmacy,6,藥房,She went to the pharmacy to buy medicine.
pianist,6,鋼琴家,The pianist played a beautiful sonata.
pickpocket,6,扒手,A pickpocket stole his wallet.
pilgrim,6,朝聖者,The pilgrims traveled to the holy city.
pimple,6,粉刺；面皰,He has a pimple on his nose.
pinch,6,捏；掐,She gave him a pinch on the arm.
plague,6,瘟疫；折磨,The plague killed thousands of people.
plantation,6,種植園,They work on a coffee plantation.
playwright,6,劇作家,Shakespeare is a famous playwright.
plow,6,耕(地),The farmer used a plow to turn the soil.
pneumonia,6,肺炎,He was hospitalized with pneumonia.
polar,6,極地的,Polar bears live in the Arctic.
ponder,6,深思,She pondered the question for a long time.
pony,6,小馬,The child rode a pony at the fair.
populate,6,移居於,The region is populated by farmers.
porter,6,搬行李工人,The porter carried our bags to the room.
posture,6,姿勢,Good posture is important for your back.
potent,6,有效力的,The medicine is very potent.
poultry,6,家禽(肉),She bought some poultry for dinner.
preach,6,說教；宣揚,The priest preached about love and forgiveness.
precede,6,先於；在……之前,A short speech preceded the main event.
precedent,6,慣例,The court's decision set a precedent.
precision,6,精確,The work requires great precision.
predecessor,6,前輩,His predecessor left big shoes to fill.
prehistoric,6,史前的,Prehistoric cave paintings were discovered.
premiere,6,首映；首演,The movie premiere was a big event.
preside,6,主持,The judge presided over the trial.
prestige,6,聲望,The university has great prestige.
preventive,6,預防的,Preventive medicine is better than cure.
preview,6,預習；預演,We saw a preview of the new movie.
priceless,6,無價的,The painting is priceless.
privatize,6,使民營化,The government decided to privatize the airport.
probe,6,探查,The police are probing the case.
procession,6,隊伍；行進,A funeral procession moved slowly.
proficiency,6,熟練；精通,She has proficiency in three languages.
prohibition,6,禁止,The prohibition of alcohol failed in the US.
propel,6,推進,The engine propels the boat forward.
prose,6,散文,He writes both poetry and prose.
prosecute,6,起訴,He was prosecuted for fraud.
prospective,6,未來的；預期的,Prospective students visited the campus.
prototype,6,原型,The engineer built a prototype of the machine.
proverb,6,諺語,'Honesty is the best policy' is a proverb.
provincial,6,省的,The provincial government built a new road.
provisional,6,臨時的；暫時的,They made a provisional agreement.
psychiatry,6,精神病學,He specializes in psychiatry.
psychic,6,心靈的；通靈的,She claims to have psychic powers.
psychotherapy,6,心理治療,He is undergoing psychotherapy.
publicize,6,宣傳；公開,The event was well publicized.
puff,6,喘氣；一陣（煙）,He took a puff of his cigarette.
punctual,6,如期的；準時的,She is always punctual for meetings.
purify,6,淨化,The water is purified before drinking.
purity,6,純潔,The purity of the water is tested regularly.
quake,6,震動,The quake shook the buildings.
qualification,6,資格；證書,She has the right qualifications for the job.
radiant,6,容光煥發的；發光的,The bride looked radiant.
radiate,6,發射,The sun radiates heat and light.
radioactive,6,放射性的,The material is highly radioactive.
radish,6,小蘿蔔,She added radish to the salad.
radius,6,半徑,The radius of the circle is five inches.
rap,6,饒舌音樂；敲擊,He likes to listen to rap music.
rash,6,皮疹；輕率的,It was a rash decision.
ratify,6,批准,The treaty was ratified by both countries.
realization,6,領悟；實現,The realization of his dream took years.
reap,6,收割；獲得,They reap the wheat in summer.
reckless,6,輕率的,His reckless driving caused the accident.
reckon,6,推斷,I reckon it will rain tomorrow.
reconcile,6,調解,They finally reconciled after the argument.
recreational,6,娛樂的,The park offers many recreational activities.
redundancy,6,冗餘；裁員,The company announced redundancies.
reef,6,礁；暗礁,The boat hit a coral reef.
referee,6,裁判,The referee blew the whistle.
referendum,6,公民投票,The issue was decided by a referendum.
refine(ment),6,提煉,The oil is refined before it is used.
reflective,6,反射的；沉思的,He is in a reflective mood.
refresh(ment),6,使給予活力,A cool drink will refresh you.
refreshment(s),6,精神恢復,Refreshments will be served after the meeting.
refute,6,反駁,She refuted his argument with facts.
rehabilitate,6,使恢復,The program helps rehabilitate drug addicts.
rehearse,6,詳述；排演,The actors rehearsed the play many times.
reign,6,君主統治時期,The king's reign lasted forty years.
rejoice,6,高興,The whole town rejoiced at the good news.
relay,6,接力；轉播,The relay race was exciting.
relentless,6,不屈不撓的；無情的,His relentless pursuit of success paid off.
reliance,6,依賴,Our reliance on computers is growing.
reliant,6,依賴的,She is reliant on her parents.
relic,6,遺跡；遺物,The museum displays ancient relics.
remainder,6,剩餘部分,The remainder of the cake was eaten.
reminiscent,6,使人憶起…的,The smell was reminiscent of my grandmother's kitchen.
renowned,6,著名的,He is a renowned scientist.
reproduce,6,繁殖；複製,Bacteria reproduce quickly.
reptile,6,爬蟲類,Snakes are reptiles.
resent(ment),6,不滿,She felt resentment toward her boss.
reside,6,居住,He resides in a small town.
resistant,6,抵抗的；有抵抗力的,This material is resistant to heat.
respective,6,個別的,They went back to their respective homes.
restoration,6,恢復,The restoration of the old church took years.
restrain,6,抑制；約束,He could not restrain his anger.
restraint,6,克制,He showed great restraint under pressure.
retort,6,反駁,She retorted sharply to his criticism.
retrieve,6,找回,The dog retrieved the ball.
revelation,6,揭露；啟示,The revelation shocked everyone.
revival,6,復甦；復興,There has been a revival of interest in folk music.
revive,6,復活,The doctors managed to revive the patient.
revolt,6,反叛；叛亂,The people rose in revolt.
revolve,6,使旋轉,The earth revolves around the sun.
rigorous,6,嚴密的,The tests are rigorous and demanding.
ripple,6,漣漪,A ripple spread across the pond.
rivalry,6,對抗；競爭,There is fierce rivalry between the two teams.
roam,6,漫遊；漫步,They roamed the streets at night.
robust,6,強健的；強壯的,He is a robust young man.
rotate,6,旋轉；輪流,The earth rotates on its axis.
rotation,6,旋轉,The rotation of the earth causes day and night.
royalty,6,皇室成員,The royalty attended the charity event.
rubbish,6,垃圾；廢話,Don't talk rubbish.
rugged,6,崎嶇的,The rugged terrain made hiking difficult.
ruthless,6,無情的,The ruthless dictator killed many people.
salute,6,行舉手禮,The soldier saluted the flag.
salvage,6,搶救,They tried to salvage what was left of the ship.
sanitation,6,衛生設備,Good sanitation is essential for public health.
savage,6,兇猛的,The savage dog attacked the stranger.
scenic,6,風景優美的,We took a scenic drive along the coast.
scorn,6,輕蔑；鄙視,She looked at him with scorn.
scrape,6,把…括除,He scraped the ice off the windshield.
screwdriver,6,螺絲起子,He used a screwdriver to open the box.
scroll,6,捲軸；捲動,Scroll down to see more.
scrutiny,6,細查,The plan came under close scrutiny.
sculptor,6,雕刻家,The sculptor created a beautiful statue.
seagull/gull,6,海鷗,A seagull flew over the beach.
seduce,6,慫恿；引誘,He tried to seduce her with sweet words.
selective,6,選擇性的；挑剔的,She is very selective about her friends.
serene,6,寧靜的；平靜的,The lake was serene and peaceful.
sergeant,6,警官；軍士,The sergeant gave orders to his men.
serial,6,連續的；連續劇,The serial killer was caught.
sermon,6,說教；佈道,The minister gave a long sermon.
serving,6,一份（食物）,This serving is enough for two.
setback,6,挫折；阻礙,The project suffered a major setback.
shabby,6,破舊的,He wore a shabby old coat.
sharpen,6,使銳利；削尖,Please sharpen your pencil.
shaver,6,電動刮鬍刀,He uses an electric shaver.
shortcoming,6,缺點,Everyone has their own shortcomings.
shortsighted,6,近視的,It was a shortsighted decision.
shred,6,碎片；切碎,She shredded the documents.
shriek,6,尖叫,She let out a shriek of terror.
shrub,6,灌木,They planted shrubs along the fence.
shuffle,6,拖著腳走；洗（牌）,He shuffled the cards.
shutter,6,百葉窗；快門,She closed the shutters.
simplicity,6,樸素,The simplicity of the design impressed everyone.
simplify,6,使單純,We need to simplify the instructions.
simultaneous,6,同時發生的,The two events were simultaneous.
skeptical,6,懷疑的,I am skeptical about his claims.
skim,6,略讀；撇去（浮沫）,She skimmed the article quickly.
slang,6,俚語,Slang is informal language.
slash,6,亂砍,He slashed the rope with a knife.
slaughter,6,屠宰；屠殺,The animals were sent for slaughter.
slay,6,殺害,The hero slew the dragon.
sloppy,6,馬虎的,His sloppy work caused many errors.
slum,6,貧民窟,The city has several poor slums.
slump,6,暴跌；萎靡,Sales slumped last quarter.
sly,6,狡猾的,He gave a sly smile.
smuggle,6,走私,They tried to smuggle goods across the border.
sneaker(s),6,鬼鬼祟祟做事的人,He wore white sneakers to the party.
sneaky,6,鬼鬼祟祟的,She was sneaky about reading his diary.
sneeze,6,打噴嚏,She sneezed loudly during the movie.
snore,6,打鼾,He snores loudly.
sociable,6,善於交際的,She is a sociable person.
socialism,6,社會主義,Socialism is a political and economic system.
socialist,6,社會主義者,He is a socialist.
socialize,6,社交；使社會化,She likes to socialize with friends.
sociology,6,社會學,She majored in sociology.
solemn,6,莊嚴的；嚴肅的,The ceremony was solemn.
solidarity,6,團結,The workers showed solidarity with each other.
solitary,6,獨居的,He leads a solitary life in the woods.
solitude,6,孤獨,She enjoyed the solitude of the early morning.
soothe,6,安撫；緩和,The music soothed her nerves.
sorrowful,6,悲傷的,She had a sorrowful expression.
sovereign,6,元首,The sovereign ruled the kingdom.
spacecraft/spaceship,6,太空船,The spacecraft landed on Mars.
span,6,跨度；持續時間,The bridge has a span of one mile.
sparrow,6,麻雀,A sparrow landed on the fence.
spectacle,6,奇觀；壯觀場面,The parade was a grand spectacle.
spiral,6,螺旋的；螺旋狀物,The staircase spirals upward.
splendor,6,壯麗；光輝,The splendor of the palace amazed us.
spokesperson/spokesman/spokeswoman,6,發言人,The spokesperson gave a brief statement.
spontaneous,6,自發的,The audience gave a spontaneous applause.
sportsman/sportswoman,6,運動員,He is a true sportsman.
sportsmanship,6,運動家精神,He showed good sportsmanship.
spotlight,6,聚光燈；使受矚目,The spotlight was on the singer.
spur,6,馬刺；激勵,The news spurred him to work harder.
stabilize,6,使穩定,The government tried to stabilize prices.
stagger,6,蹣跚,He staggered home after the long walk.
staple,6,釘書針；主要的,Rice is a staple food in many countries.
starvation,6,飢餓；餓死,Many people died of starvation.
statesman,6,政治家,He was a respected statesman.
stationary,6,靜止的,The car remained stationary at the red light.
stationery,6,文具,She bought some stationery for school.
stature,6,高水平；身材,He is a man of great stature.
statute,6,法令,The new statute will take effect next month.
stepchild,6,妻與前夫(或夫與前妻)所生的孩子,He treats his stepchild with love.
stepfather,6,繼父,Her stepfather is very kind.
stepmother,6,繼母,His stepmother treats him well.
stimulation,6,刺激,The brain needs constant stimulation.
strait,6,海峽,The strait connects two seas.
strangle,6,勒死；扼殺,He strangled the snake with his bare hands.
stray,6,迷路的；走失,A stray dog followed me home.
stride,6,邁大步走,He walked with long strides.
stroll,6,散步；閒逛,We took a stroll in the park.
stun,6,使震驚；使暈眩,The news stunned everyone.
stutter,6,口吃,He stutters when he is nervous.
stylish,6,時髦的,She wore a stylish hat.
subjective,6,主觀的,Art criticism is often subjective.
subordinate,6,下屬的；部屬,He is subordinate to the manager.
subscribe,6,訂購,I subscribe to several magazines.
subscription,6,訂閱；訂購,I renewed my magazine subscription.
successive,6,連續的,It rained for three successive days.
suffocate,6,使)窒息而死,The smoke almost suffocated him.
suitcase,6,手提箱,She packed her suitcase for the trip.
summon,6,召喚,The king summoned his advisors.
superficial,6,表面(皮)的,His knowledge of the subject is superficial.
superintendent,6,監護人；警長,The superintendent manages the school district.
superiority,6,優越,He has a sense of superiority over others.
superstitious,6,迷信的,She is superstitious about black cats.
supplement,6,補充,He takes a vitamin supplement every day.
suppress,6,鎮壓,The government tried to suppress the protests.
surge,6,洶湧向前,The crowd surged forward when the doors opened.
surgical,6,外科的；手術的,The surgical procedure was successful.
surname,6,姓,Please write your surname first.
surpass,6,超越,He surpassed all expectations.
suspense,6,懸疑；懸念,The movie was full of suspense.
suspension,6,中止,The suspension of the game was due to rain.
swamp,6,沼澤；淹沒,The swamp is home to many birds.
swarm,6,一群（昆蟲）；成群移動,A swarm of bees flew over the field.
symbolize,6,象徵,The dove symbolizes peace.
symmetry,6,對稱(性),The building is known for its perfect symmetry.
sympathize,6,同情,I sympathize with your difficult situation.
symphony,6,交響樂,The orchestra played a beautiful symphony.
synonym,6,同義詞,'Big' and 'large' are synonyms.
synthetic,6,合成的；人造的,This jacket is made of synthetic material.
syrup,6,糖漿,She poured syrup on her pancakes.
tan,6,使)曬黑,She got a tan during her vacation.
tedious,6,冗長乏味的,The lecture was tedious.
telecommunications,6,電信,The telecommunications industry is growing.
teller,6,講故事者；銀行出納員,The bank teller counted the cash.
tempo,6,節奏；速度,The tempo of the music increased.
tenant,6,房客,The tenant pays rent every month.
tentative,6,試驗性的,We made tentative plans for the weekend.
terrace,6,陽臺,We had breakfast on the terrace.
textile,6,紡織品；紡織的,The textile factory produces cloth.
thereafter,6,此後,"He left the company, and thereafter traveled."
thermometer,6,溫度計,The thermometer shows 30 degrees.
tilt,6,傾斜,She tilted her head to one side.
tiptoe,6,踮著腳尖走,He tiptoed out of the room.
tiresome,6,令人厭煩的,The long wait was tiresome.
token,6,記號,Please accept this gift as a token of our thanks.
tornado,6,龍捲風,The tornado destroyed several houses.
torrent,6,急流；豪雨,A torrent of water rushed down the hill.
trademark,6,商標,The logo is a registered trademark.
transcript,6,成績單；文字紀錄,She requested a copy of her transcript.
transmit,6,傳播,The radio station transmits news every hour.
transplant,6,移植,He needed a heart transplant.
treasury,6,國庫；財政部,The treasury issued new bonds.
trek,6,長途跋涉,They went on a long trek through the mountains.
trifle,6,瑣事；不重視,Don't waste time on trifles.
trillion,6,兆,The national debt is over a trillion dollars.
tropic,6,熱帶地區；熱帶的,The tropic of Cancer passes through Taiwan.
trout,6,鱒魚,He caught a trout in the river.
trustee,6,受託人；理事,The trustee manages the estate.
tuck,6,塞進；捲起,She tucked the children into bed.
turmoil,6,混亂,The country was in political turmoil.
twilight,6,黃昏；微光,We walked home in the twilight.
twinkle,6,閃爍,The stars twinkle in the night sky.
unanimous,6,全體一致的,The decision was unanimous.
unconditional,6,無條件的,The enemy demanded unconditional surrender.
underestimate,6,低估,Never underestimate your opponent.
underneath,6,在……下方,The cat hid underneath the table.
underpass,6,地下道,We walked through the underpass.
underway,6,進行中,The construction is underway.
unification,6,統一,The unification of the two countries took years.
unify,6,統一,The leader tried to unify the divided nation.
unveil,6,揭幕；揭露,The company will unveil its new product.
upright,6,直立的；正直的,He is an upright citizen.
uprising,6,起義；暴動,The uprising was quickly suppressed.
upward,6,向上的,The path led upward to the top.
upward/upwards,6,向上地,She looked upwards at the sky.
urgency,6,緊急,The matter was treated with great urgency.
usher,6,迎賓員,The usher showed us to our seats.
utensil,6,器皿,Kitchen utensils are used for cooking.
utter,6,完全的；說出,She was in utter shock.
vaccine,6,疫苗,The vaccine protects against the disease.
vanilla,6,香草,She added vanilla to the cake batter.
vanity,6,自負,His vanity made him difficult to talk to.
vapor,6,水蒸氣,Water turns into vapor when it boils.
veil,6,面紗,The bride wore a white veil.
velvet,6,天鵝絨,The dress is made of red velvet.
versatile,6,多才多藝的,She is a versatile actress.
veterinarian/vet,6,獸醫,The vet treated the sick dog.
veto,6,否決；否決權,The president exercised his veto power.
vibrate,6,振動,The phone vibrates when it rings.
vibration,6,振動,The vibration of the machine shook the floor.
vice,6,惡習；副（職）,He was elected vice president.
victor,6,勝利者,The victor received a gold medal.
vigor,6,精力,He worked with great vigor.
vigorous,6,精力充沛的；有活力的,She took a vigorous walk.
villa,6,別墅,They rented a villa by the sea.
villain,6,反派角色,The villain was finally caught.
vine,6,葡萄(藤),The vine grew along the wall.
vineyard,6,葡萄園,The vineyard produces excellent wine.
violinist,6,小提琴家,The violinist played a solo.
virgin,6,處女；未經開發的,The forest is virgin land.
vitality,6,活力,She is full of vitality.
vocation,6,職業,Teaching is a noble vocation.
vocational,6,職業的,He took a vocational course in cooking.
vowel,6,母音,"A, E, I, O, U are vowels."
wag,6,搖擺（尾巴）,The dog wagged its tail.
walnut,6,胡桃(樹),She added walnuts to the salad.
ward,6,病房；監護,She works in the children's ward.
wardrobe,6,衣櫥；衣物,She hung her dress in the wardrobe.
warrant,6,搜查令,The police obtained a search warrant.
warranty,6,保固；保證書,The computer has a two-year warranty.
waterproof,6,防水的,This watch is waterproof.
weary,6,筋疲力竭的,He felt weary after the long journey.
wharf,6,碼頭,The ship docked at the wharf.
whiskey/whisky,6,威士忌,He drank a glass of whiskey.
wholesale,6,批發；大批的,They buy goods at wholesale prices.
wholesome,6,有益健康的,Wholesome food is good for you.
widow/widower,6,寡婦（鰥夫）,The widow lived alone.
withhold,6,保留,He decided to withhold the information.
woe,6,悲傷,She told him all her woes.
woodpecker,6,啄木鳥,A woodpecker was pecking at the tree.
workforce,6,勞動力,The company has a large workforce.
wrestle,6,摔角；搏鬥,He likes to wrestle with his brother.
wrinkle,6,皺紋,She has wrinkles around her eyes.
yearn,6,渴望,He yearned for a peaceful life.
yoga,6,瑜珈,She practices yoga every morning.
yogurt,6,優格,I eat yogurt for breakfast.
zoom,6,急速移動；變焦,The camera can zoom in on distant objects.